PICKING,VIN,MODELO,COLOR,DEALER,CLIENTE FINAL,PROVEDOR,UBICACIÓN ESUM,Fecha Despacho,Destino,REALIZADO,UBICACION VARI,Estado CC,QUE REPROCESO FALTA,REPROCESO PINTURA,REPROCESO REPUESTOS,TALLER,FUE CONVERTIDO A GLP,UBICACIÓN MAPEADA-APP,HORA REGISTRADA,ENTREGA-REVO Y ESSA,REVISION-REVO Y ESSA,OBSERVACION - REVO Y ESSA,ENTREGA-EMSA Y ASSA,REVISION-EMSA Y ASSA,OBSERVACION - EMSA Y ASSA
,LVTDB21B6TD914708,S09 1.6T 4X2 7DCT B,NEGRO,EXHIBICION AASA EN REVO,ALTOS ANDES,GRUPO 81,ZONA DE ESPERA ACONDICIONADO,14/3/2026,DESPACHO,NO,#REF!,-,-,PINTURA: ,REPUESTO: ,VARI BIRRAK,,Zona validación - FILA 10,2026-03-13T07:18:30.703Z,,,,,,
,LVTDB21B3VDC01321,X50 1.5T 4X2 6DCT LIMITED,NEGRO,VENTA AION 09/02/2026|,ALTOS ANDES,ALESE,LISTOS - REVISADO,14/3/2026,DESPACHO,NO,COLA DE LAVADO SUM ,Reproceso,Falta: Reproceso Pintura y Reproceso Repuestos,PINTURA: Abolladura en puerta copiloto | Abolladura en maletera | Carrocería rayada | Interior de puerta piloto rayado,REPUESTO: Falta la letras JETUR de maletera,VARI BIRRAK,,Isla 14,2026-03-13T07:18:42.177Z,,,,1era Entrega,Rechazado,"* carrocería rasyadura
*raspado moldura interior guarda fango DLH"
,LS4ASL2E0TE533161,"NEW V3 1,5 MEC CONFORT",PLATA,VENTA AUTOCAMIONES,ALTOS ANDES,CONTINENTAL,LISTOS - REVISADO,14/3/2026,DESPACHO,NO,SIN UBICACION BIRRAK ,Para validar,Completo,PINTURA: Corte en tapiz de piso post LH | Corte en tapiz de piso copiloto,REPUESTO: Pelado logo máscara,VARI BIRRAK,,Isla 14,2026-03-13T07:32:35.041Z,,,,,,
,LVTDB11B6VDC01226,X50 1.5L 4X2 5MT CONFORT,PLATA,VENTA AUTOCAMIONES,ALTOS ANDES,CONTINENTAL,LISTOS - REVISADO,14/3/2026,DESPACHO,NO,P8 A 6 G,Listo,Completo,PINTURA: ,REPUESTO: ,VARI BIRRAK,,Isla 14,2026-03-13T07:28:00.828Z,,,,,,
,LVTDB11B2VH500170,X70FL 1.5T 6MT 4X2 FULL,BLANCO,VENTA AUTOS DEL SUR GASOLINA 14.01|,ALTOS ANDES,GLOBAL CAR,LISTOS - REVISADO,14/3/2026,DESPACHO,NO,COLA DE LAVADO SUM ,Reproceso,Falta: Reproceso Pintura,PINTURA: Moldura de puerta piloto rayado,REPUESTO: ,VARI BIRRAK,,Isla 5,2026-03-13T07:32:22.178Z,,,,1era Entrega,Rechazado,Rayadura interior tapiz puerta piloto
,LVTDB11B8TH015352,X70FL 1.5T 6MT 4X2 FULL,AZUL,VENTA AUTOS DEL SUR,ALTOS ANDES,GLOBAL CAR,LISTOS - REVISADO,14/3/2026,DESPACHO,NO,COLA DE LAVADO SUM ,Listo,Completo,PINTURA: ,REPUESTO: ,VARI BIRRAK,,Despacho ,2026-03-13T07:30:45.520Z,,,,,,
,LVTDB11B3TDB50166,X50 1.5L 4X2 5MT CONFORT,PLATA,VENTA AUTOS DEL SUR,ALTOS ANDES,GLOBAL CAR,LISTOS - REVISADO,14/3/2026,DESPACHO,NO,COLA DE LAVADO SUM ,Reproceso,Falta: Reproceso Pintura,PINTURA: Puerta Del LH con abolladura | Moldura de parabrisa LH Rh con desperfecto | Cromo de máscara con desperfecto | Embellecedor de guarfango Pos LH con rayaduras,REPUESTO: ,VARI BIRRAK,,Isla 5,2026-03-13T07:26:37.707Z,,,,,,
,LVTDB11BXTDB50150,X50 1.5L 4X2 5MT CONFORT,BLANCO,VENTA AUTOS DELSUR,ALTOS ANDES,GLOBAL CAR,LISTOS - REVISADO,14/3/2026,DESPACHO,NO,PLATAFORMA 5 8 B,Listo,Completo,PINTURA: ,REPUESTO: ,VARI BIRRAK,,Despacho  - FILA 20,2026-03-13T07:37:15.869Z,,,,,,
,LVTDB11B5TDB49987,X50 1.5L 4X2 5MT CONFORT,BLANCO,VENTA AUTOS DEL SUR,ALTOS ANDES,GLOBAL CAR,LISTOS - REVISADO,14/3/2026,DESPACHO,NO,COLA DE LAVADO SUM ,Reproceso,Falta: Reproceso Pintura,PINTURA: Qñ aboll prta post lh ( por manija ) | Grumo estribo de piloto | Cromo con arañaduras,REPUESTO: ,VARI BIRRAK,,Pintura,2026-03-13T07:16:46.382Z,1era Entrega,Rechazado,"Grumo estribo piloto 
Cromo de mascara con arañaduras 
Carroceria pulverizada
Lavar unidad",,,
,9BWBH6BF9T4050923,T-CROSS EXTREME 200 TSI TIP,GRIS ASCOT - NEGRO,adelanto pdi - EXHIBICION PLAZA NORTE,EURO MOTORS,GRUPO 81,LISTOS - REVISADO,14/3/2026,DESPACHO,NO,,Listo,Completo,PINTURA: ,REPUESTO: ,VARI BIRRAK,,Zona revo,2026-03-13T10:44:08.076Z,,,,1era Entrega,,
,LS4ASL2E8TE533392,"NEW V5 1,5 MEC PLUS",BLANCO BEIGE,VENTA INTER TRUJILLO GLP,ALTOS ANDES,JULIO CRUZADO,LISTOS - REVISADO,14/3/2026,DESPACHO,NO,,Listo,Completo,PINTURA: ,REPUESTO: ,VARI BIRRAK,,Isla 14,2026-03-13T07:28:59.950Z,,,,1era Entrega,,
,LS4ASL2E8TE158491,NEW V7 1.6 MEC PLUS,BLANCO,ADELANTO PDI ZI - VENTA INTER TRUJILLO,ALTOS ANDES,JULIO CRUZADO,LISTOS - REVISADO,14/3/2026,DESPACHO,NO,,Reproceso,Falta: Reproceso Pintura y Reproceso Repuestos,PINTURA: Asiento y cabeceras posterior de última fila descolorido | Rydras en pantalla de radio | Filo de puerta delantera con grumo | Estribo de puerta delantera lh quiñado | Filo de puerta posterior RH raspado | Filo de puerta posterior RH raspado | Marco de puerta RH delantero raspado | Laterales de escalera con oxido | Techo LH Y RH con oxido | Interior de motor con oxido | Quiñe y pxido en filo de puerta corrediza lh | Abolladura en Capot,REPUESTO: Cromo de mascara careado | Logos de puerta de maletera careado | Neblinero RH y LH careado | Emblema delantero careado | Falta tope de plumilla RH | Falta llave rueda,VARI BIRRAK,,Isla 5,2026-03-13T16:00:15.453Z,,,,,Rechazado,Abolladura en  el capot
,LSCABN3E0TE144308,NEW X5 1.5 MEC CARGO BOX,BLANCO,VENTA INTER TRUJILLO,ALTOS ANDES,JULIO CRUZADO,LISTOS - REVISADO,14/3/2026,DESPACHO,NO,,Listo,Completo,PINTURA: ,REPUESTO: ,VARI BIRRAK,,Isla 14,2026-03-13T08:04:07.552Z,,,,1era Entrega,,
,LS4ASL2E4TE158150,NEW V7 1.6 MEC PLUS,BLANCO BEIGE,ADELANTO PDI ZI - VENTA HS TALLERES,ALTOS ANDES,YERMAN,LISTOS - REVISADO,14/3/2026,DESPACHO,NO,,Para validar,Completo,PINTURA: ,REPUESTO: Emblema delantero suelto,VARI BIRRAK,,Isla 14,2026-03-13T07:29:15.554Z,,,,1era Entrega,,
,LVTDB11B2TDB38574,X50 1.5L 4X2 5MT CONFORT,BLANCO,VENTA HS TALLERES,ALTOS ANDES,YERMAN,LISTOS - REVISADO,14/3/2026,DESPACHO,NO,,Listo,Completo,PINTURA: ,REPUESTO: ,VARI BIRRAK,,Isla 14,2026-03-13T07:32:44.821Z,,,,2da Entrega,,
,LVTDB21BXTDB39073,X50 1.5T 4X2 6DCT LIMITED,BLANCO,VENTA HS TALLERES,ALTOS ANDES,YERMAN,LISTOS - REVISADO,14/3/2026,DESPACHO,NO,,Listo,Completo,PINTURA: ,REPUESTO: ,VARI BIRRAK,,Isla 14,2026-03-13T07:33:11.298Z,,,,,,
,HJRPBGGB7TB035633,DASHING 1.6T 4X2 7DCT B ACP,ROJO,VENTA HS TALLERES,ALTOS ANDES,YERMAN,LISTOS - REVISADO,14/3/2026,DESPACHO,NO,,Listo,Completo,PINTURA: ,REPUESTO: ,VARI BIRRAK,,Isla 14,2026-03-13T07:19:30.805Z,,,,1era Entrega,Rechazado,Rayadura en el enbellecedor del  madio. lado izquierdo
,LVTDB11B6VDC01260,X50 1.5L 4X2 5MT CONFORT,PLATA,ADELANTO DE PDI - VENTA AUTOCAMIONES,ALTOS ANDES,CONTINENTAL,LISTOS,14/3/2026,DESPACHO,NO,,Reproceso,Falta: Reproceso Pintura,PINTURA: Llave blanca con mancha,REPUESTO: ,VARI BIRRAK,,Isla 5,2026-03-13T07:23:45.706Z,,,,,,
,LVTDB11B5VDC01251,X50 1.5L 4X2 5MT CONFORT,PLATA,VENTA AUTOCAMIONES,ALTOS ANDES,CONTINENTAL,LISTOS,14/3/2026,DESPACHO,NO,,Reproceso,Falta: Reproceso Pintura,PINTURA: Puerta delantera lh con abolladura | Puerta delantera RH con abolladura,REPUESTO: ,VARI BIRRAK,,Isla 5,2026-03-13T07:28:20.138Z,,,,,,
,LVTDB11B5VDC01203,X50 1.5L 4X2 5MT CONFORT,BLANCO,VENTA AUTOCAMIONES,ALTOS ANDES,CONTINENTAL,LISTOS,14/3/2026,DESPACHO,NO,,Reproceso,Falta: Reproceso Pintura,PINTURA: Tapiz puerta delantera lh raspado | Quiñe en filo de marco delantero lh,REPUESTO: ,VARI BIRRAK,,Isla 3 - FILA 06,2026-03-13T11:10:51.816Z,,,,,,
,LVTDB11B5VDC01220,X50 1.5L 4X2 5MT CONFORT,BLANCO,ADELANTO DE PDI - VENTA AUTOCAMIONES,ALTOS ANDES,CONTINENTAL,LISTOS,14/3/2026,DESPACHO,NO,,Reproceso,Falta: Reproceso Pintura,PINTURA: Moldura de Puerta interior DLH con rayadura,REPUESTO: ,VARI BIRRAK,,Isla 5,2026-03-13T07:32:16.389Z,,,,,,
,LS4ASL2E9TE158483,NEW V7 1.6 MEC PLUS,BLANCO,ADELANTO PDI ZI - VENTA INTER TRUJILLO,ALTOS ANDES,JULIO CRUZADO,LISTOS,14/3/2026,DESPACHO,NO,,Reproceso,Falta: Reproceso Pintura,PINTURA: Estribo de puerta maletera raspado | Guardafango posterior RH quiñado con oxido | Guardafango quiñado posterior rh | Estribo de puerta delantera RH quiñado(filo de tapa) | Pernos de escalera con óxidos | Oxidado inter de motor | Ray pantalla de radio | Asientos traseros Apoya cabezas descolorido Obs adicionales: Asientos posterior maletera,REPUESTO: Mascara delantero careada | Emblema delantero rayado | Falta Manual de propietario | Rays en cromo máscara,VARI BIRRAK,,Isla 4,2026-03-13T07:08:51.747Z,,,,,,
,9BWCH6CH0TP049761,NIVUS COMFORTLINE 200 TSI TIP,NEGRO NINJA,EUROSHOP S.A. - VW Mall Plaza Norte,EUROSHOP,SUM,LISTOS,14/3/2026,DESPACHO,NO,,Para validar,Completo,PINTURA: Moldura de parachoque lado LH raspado | Moldura de parachoque lado RH raspado | Filo de puerta posterior RH raspado | Abolladura en marco de puerta delantera RH,REPUESTO: ,VARI BIRRAK,,"Mapeado, pero sin zona",2026-03-13T12:46:43.995Z,,,,,,
,LVTDB11B9VDC01270,X50 1.5L 4X2 5MT CONFORT,PLATA,VENTA REVO,REVOSHOP,SUM,LISTOS,14/3/2026,DESPACHO,NO,,Reproceso,Falta: Reproceso Pintura,PINTURA: Poste central lh con quiñe | Rayaduras  en aro drh,REPUESTO: ,VARI BIRRAK,,Isla 3,2026-03-13T10:21:22.550Z,,,,,,
,LVTDD24B4TDB15423,T1 2.0T AWD 8AT B/O,BLANCO,VENTA HS TALLERES,ALTOS ANDES,YERMAN,LISTOS,14/3/2026,DESPACHO,NO,COLA DE LAVADO SUM ,Reproceso,Falta: Reproceso Repuestos,PINTURA: ,REPUESTO: Aro posterior lh raspado,VARI BIRRAK,,Isla 4,2026-03-13T09:28:14.216Z,,,,,,
,LVTDB21B9TDA05249,S06 1.5T 4X2 6DCT B,BLANCO,EXHIBICION AASA EN REVO,ALTOS ANDES,GRUPO 81,ZONA,14/3/2026,DESPACHO,NO,P8 B 2 C,Listo,Completo,PINTURA: ,REPUESTO: ,VARI BIRRAK,,-,-,1era Entrega,Aceptado,,,,
,3VVKP6B25TM017109,"TAOS TRENDLINE 250 TSI, 1.4L, 2WD, TIP",AZUL WAIMEA,adelanto pdi - VENTA SAN BORJA,EUROSHOP,SUM,ZONA,14/3/2026,DESPACHO,NO,COLA DE LAVADO SUM ,Reproceso,Falta: Reproceso Pintura,PINTURA: Borde de puerta de gamusa pelado DRH | Embellecedor de | Embellecedor de maletero rayado | Borde de puerta de gamusa pelado DRH,REPUESTO: ,VARI BIRRAK,,Zona revo,2026-03-13T10:50:55.772Z,2da Entrega,Aceptado,,,,
,3VVDP6RM9TM032308,"TIGUAN LIFE PLUS 250TSI, 1.4L, 2WD",GRIS PLATINO,EUROSHOP S.A. - VW San Borja,EUROSHOP,SUM,ZONA,14/3/2026,DESPACHO,NO,COLA DE LAVADO SUM ,-,-,PINTURA: ,REPUESTO: ,VARI BIRRAK,,-,-,2da Entrega,Aceptado,,,,
,3VVDP6RM6TM042049,"TIGUAN LIFE 250TSI, 1.4L, 2WD",BLANCO PURO,adelanto pdi - VENTA LA MOLINA,EUROSHOP,SUM,ZONA,14/3/2026,DESPACHO,NO,COLA DE LAVADO SUM ,-,-,PINTURA: ,REPUESTO: ,VARI BIRRAK,,-,-,2da Entrega,Aceptado,"-No lleva libro de garantía 
-No lleva test de batería",,,
,9BWBH6BF8T4051108,T-CROSS TRENDLINE 200 TSI TIP,AZUL NORWAY,adelanto pdi - VENTA SAN BORJA,EUROSHOP,SUM,ZONA,14/3/2026,DESPACHO,NO,COLA DE LAVADO SUM ,-,-,PINTURA: ,REPUESTO: ,VARI BIRRAK,,-,-,1era Entrega,Aceptado,"Unidad en motor poco oxido 
Fluidos ok 
Unidad [ ok]  con covertor en maletera
Equipamentos completos
A/C ( ok)",,,
,9BWBH6DF9TT347502,TERA COMFORT 170 TSI 1.0L TIP,GRIS PLATINO,EUROSHOP S.A. - VW La Molina,EUROSHOP,SUM,ZONA,14/3/2026,DESPACHO,NO,#N/A,Listo,Completo,PINTURA: ,REPUESTO: ,VARI BIRRAK,,-,-,2da Entrega,Aceptado,,,,
,LS4ASL2E1TE533153,"NEW V3 1,5 MEC PLUS",BLANCO,VENTA REVO GLP,REVOSHOP,SUM,ZONA,14/3/2026,DESPACHO,NO,COLA DE LAVADO SUM ,-,-,PINTURA: ,REPUESTO: ,VARI BIRRAK,,-,-,2da Entrega,Aceptado,,,,
,LS4ASL2E7TE520536,"NEW V3 1,5 MEC FULL",AZUL OSCURO,VENTA REVO GLP,REVOSHOP,SUM,ZONA,14/3/2026,DESPACHO,NO,COLA DE LAVADO SUM ,-,-,PINTURA: ,REPUESTO: ,VARI BIRRAK,,-,-,2da Entrega,Aceptado,,,,
,LS4ASL2E6TE495337,NEW V3 1.5 MEC FULL,BLANCO,VENTA REVO,REVOSHOP,SUM,ZONA,14/3/2026,DESPACHO,NO,COLA DE LAVADO SUM ,-,-,PINTURA: ,REPUESTO: ,VARI BIRRAK,,-,-,1era Entrega,Aceptado,,,,
,LS4ASL2E4TE158794,NEW V5 1.5 MEC PLUS,GRIS,ADELANTO PDI - VENTA REVO,REVOSHOP,SUM,ZONA,14/3/2026,DESPACHO,NO,COLA DE LAVADO SUM ,-,-,PINTURA: ,REPUESTO: ,VARI BIRRAK,,-,-,2da Entrega,Aceptado,,,,
,LVTDB11B3VDC01202,X50 1.5L 4X2 5MT CONFORT,BLANCO,INTERAMERICANA TRUJILLO SOCIEDAD ANONIMA,VENTA INTER TRUJILLO,SUM,LISTOS - REVISADO,14/3/2026,ZONA AASA,NO,P8 B 5 H,Para validar,Completo,PINTURA: ,REPUESTO: Jebe deforme en puerta posterior lh,VARI BIRRAK,,Isla 14,2026-03-13T07:33:16.033Z,,,,2da Entrega,Rechazado,"Cromo máscara despintado
Carrocería con manchas
Raspones capot"
,LVTDB11B4VDC01242,X50 1.5L 4X2 5MT CONFORT,GRIS OSCURO,INTERAMERICANA NORTE S.A.C.,VENTA INTER NORTE,SUM,LISTOS - REVISADO,14/3/2026,ZONA AASA,NO,PLATAFORMA 8 - 1 A,Reproceso,Falta: Reproceso Pintura,PINTURA: Embellecedor de máscara con manchas blancas,REPUESTO: ,VARI BIRRAK,,Isla 4,2026-03-13T07:05:36.513Z,,,,3era Entrega,Rechazado,Embellecedor de máscara con manchas
,LSCABN3E9TE144386,NEW X5 1.5 MEC CARGO BOX,BLANCO,SUR MOTORS S.A.,VENTA SUR MOTORS,SUM,LISTOS - REVISADO,14/3/2026,ZONA AASA,NO,COLA DE LAVADO SUM ,Reproceso,Falta: Reproceso Pintura,PINTURA: Oxido en inter de motor | Oxido en visagras | Oxido en visagras de tolva | Estribo delantera lh con oxido | Aro central  lh y RH con óxido,REPUESTO: ,VARI BIRRAK,,Isla 5,2026-03-13T07:31:42.934Z,,,,1era Entrega,,
,LS4ASL2E2TE158714,"NEW V5 1,5 MEC PLUS",GRIS,INTERAMERICANA NORTE S.A.C.,VENTA INTER NORTE GLP,SUM,LISTOS - REVISADO,14/3/2026,ZONA AASA,NO,COLA DE LAVADO SUM ,Listo,Completo,PINTURA: ,REPUESTO: ,VARI BIRRAK,,Isla 14,2026-03-13T07:31:05.701Z,,,,1era Entrega,,
,LVTDB11B6VDC01257,X50 1.5L 4X2 5MT CONFORT,PLATA,SUR MOTORS S.A.,VENTA SUR MOTORS,SUM,LISTOS - REVISADO,14/3/2026,ZONA AASA,NO,P8 C 3 C,Listo,Completo,PINTURA: ,REPUESTO: ,VARI BIRRAK,,Isla 14,2026-03-13T07:31:18.266Z,,,,1era Entrega,,
,LS4ASL2E0TE158324,NEW V7 1.6 MEC PLUS,GRIS,HS TALLERES S.R.L.,ADELANTO PDI ZI - HS TALLERES,SUM,LISTOS - REVISADO,14/3/2026,ZONA AASA,NO,SUM ISLA 22 19 E,Reproceso,Falta: Reproceso Pintura y Reproceso Repuestos,PINTURA: Pantalla central rayado | Techo con oxido | Emblema delantero con puntos de careo | Puerta POS LH con rayadura | Pernos de aro de llanta delantera posterior RH LH oxidados | Puerta delantera RH con abolladura | Puerta del LH con abolladura | Puerta POS LH con abolladura,REPUESTO: Parachoque delantero RH descuadrada | Máscara de parrilla con grumos | Faros delanteros RH LH con rayadura interna,VARI BIRRAK,,Isla 5,2026-03-13T07:26:29.316Z,,,,,,
,LS4ASL2E8TE158457,NEW V7 1.6 MEC PLUS,PLATA,HS TALLERES S.R.L.,ADELANTO PDI ZI - HS TALLERES,SUM,LISTOS - REVISADO,14/3/2026,ZONA AASA,NO,TARJA ,Reproceso,Falta: Reproceso Pintura y Reproceso Repuestos,PINTURA: Pantalla de radio con rayaduras,REPUESTO: Asiento de copiloto roto | Logo delantero careado,VARI BIRRAK,,Isla 20 - FILA 19,2026-03-13T15:05:26.532Z,1era Entrega,,,1era Entrega,,
,LS4ASL2E8TE158460,NEW V7 1.6 MEC PLUS,PLATA,HS TALLERES S.R.L.,ADELANTO PDI ZI - HS TALLERES,SUM,LISTOS - REVISADO,14/3/2026,ZONA AASA,NO,TARJA ,Reproceso,Falta: Reproceso Repuestos,PINTURA: Inter de motor con oxido | Fp poste central,REPUESTO: Letras careadas | Careado cromo neblinero rh,VARI BIRRAK,,Lavado despacho,2026-03-13T10:52:53.301Z,,,,2da Entrega,,
,LS4ASL2E7TE158482,NEW V7 1.6 MEC PLUS,BLANCO,HS TALLERES S.R.L.,ADELANTO PDI ZI - HS TALLERES,SUM,LISTOS - REVISADO,14/3/2026,ZONA AASA,NO,TARJA ,Listo,Completo,PINTURA: ,REPUESTO: ,VARI BIRRAK,,Isla 14,2026-03-13T07:32:06.712Z,,,,,,
,LSCABN3E6TE144393,NEW X5 1.5 MEC CARGO BOX,BLANCO,INTERAMERICANA NORTE S.A.C.,VENTA INTER NORTE,SUM,LISTOS - REVISADO,14/3/2026,ZONA AASA,NO,COLA DE LAVADO SUM ,Listo,Completo,PINTURA: ,REPUESTO: ,VARI BIRRAK,,Isla 14,2026-03-13T07:27:15.540Z,,,,1era Entrega,,
,LS4ASL2E9TE158791,"NEW V5 1,5 MEC PLUS",GRIS,INTERAMERICANA NORTE S.A.C.,VENTA INTER NORTE GLP,SUM,LISTOS - REVISADO,14/3/2026,ZONA AASA,NO,TARJA ,Listo,Completo,PINTURA: ,REPUESTO: ,VARI BIRRAK,,"Mapeado, pero sin zona",2026-03-13T07:27:04.626Z,,,,1era Entrega,,
,LVTDB21B4TDA05238,S06 1.6T 4X2 7DCT G,BLANCO,CARPIO S.A.C.,VENTA CARPIO,SUM,LISTOS - REVISADO,14/3/2026,ZONA AASA,NO,COLA DE LAVADO SUM ,Listo,Completo,"PINTURA: Estribo de puerta piloto con rayadura | Interior de maletera LH con desperfecto | Embellecedores de puerta LH Rh posterior, delantero con rayaduras | Bisel de puerta Pos Del RH LH y guarfango POS Rh LH con RAYADURAS",REPUESTO: ,VARI BIRRAK,,Isla 5,2026-03-13T07:31:29.288Z,,,,,,
,LS4ASL2E0TE158713,"NEW V5 1,5 MEC PLUS",GRIS,INTERAMERICANA NORTE S.A.C.,VENTA INTER NORTE GLP,SUM,LISTOS - REVISADO,14/3/2026,ZONA AASA,NO,COLA DE LAVADO SUM ,Para validar,Completo,PINTURA: Ray en estribo Pilot | Qñ Inter marco de prta | Abolladura en capot | Rayado en Guardafango d rh,REPUESTO: Logo posterior careado,VARI BIRRAK,,"Mapeado, pero sin zona",2026-03-13T12:46:36.030Z,,,,1era Entrega,Rechazado,
,LSCABN3E5TE144577,NEW X5 1.5 MEC CABINA SIMPLE,BLANCO,INTERAMERICANA NORTE S.A.C.,VENTA INTER NORTE,SUM,LISTOS - REVISADO,14/3/2026,ZONA AASA,NO,P8 A 7 B,Reproceso,Falta: Reproceso Repuestos,PINTURA: Oxido en Inter de capot | Piso y filos de tolva con óxidos y raspados,REPUESTO: Falta logo delantero | Falta maletín de herramientas,VARI BIRRAK,,Pintura,2026-03-13T10:08:03.992Z,,,,1era Entrega,Rechazado,"* asiento  derecho manchado
* capos rayado
* para choque delantero rayado
* puerta izquierda rayada"
,LS4ASL2E0TE158792,"NEW V5 1,5 MEC PLUS",GRIS,INTERAMERICANA NORTE S.A.C.,VENTA INTER NORTE GLP,SUM,LISTOS - REVISADO,14/3/2026,ZONA AASA,NO,COLA DE LAVADO SUM ,Listo,Completo,PINTURA: ,REPUESTO: ,VARI BIRRAK,,Isla 14,2026-03-13T07:24:17.057Z,,,,2da Entrega,,
,LS4ASL2E4TE158715,"NEW V5 1,5 MEC PLUS",GRIS,INTERAMERICANA NORTE S.A.C.,VENTA INTER NORTE GLP,SUM,LISTOS,14/3/2026,ZONA AASA,NO,COLA DE LAVADO SUM ,Reproceso,Falta: Reproceso Pintura,"PINTURA: Guardaf posterior RH con abolladura,qñ | Filo de puerta post lh con rayas en filo | Esquinero de parachoque post RH raspado | Pantalla de radio con rayaduras",REPUESTO: Asiento fila 03 asiento 07 respaldar con corte | Mica de faro posterior RH roto | Cromo de máscara delantera con grumos careo | Emblema A picado | Neblinero RH careado,VARI BIRRAK,,Isla 5,2026-03-13T12:31:21.263Z,,,,,,
,LVTDD24B6TDB15410,T1 2.0T AWD 8AT B/O,BLANCO,INTERAMERICANA TRUJILLO SOCIEDAD ANONIMA,VENTA INTER TRUJILLO,SUM,LISTOS,14/3/2026,ZONA AASA,NO,B5 4 C,Para validar,Completo,PINTURA: Capor abollado,REPUESTO: ,VARI BIRRAK,,Pintura,2026-03-13T19:01:08.348Z,,,,,,
,LVTDB21B5TDA08262,S06 1.5T 4X2 6DCT B,PLATA,HS TALLERES S.R.L.,VENTA HS TALLERES,SUM,LISTOS - REVISADO,14/3/2026,ZONA AASA,NO,COLA DE LAVADO SUM ,Para validar,Completo,PINTURA: Desperfecto de pintura en guardafngo interior post LH,REPUESTO: ,VARI BIRRAK,,Isla 14,2026-03-13T07:19:59.841Z,,,,1era Entrega,,
,LS4ASL2E5TE495135,NEW V7 1.6 MEC PLUS,GRIS OSCURO,Altos Andes S.A.C.,EXHIBICION IWAGEN,SUM,LISTOS,14/3/2026,ZONA AASA,NO,P8 C 16 C,Reproceso,Falta: Reproceso Pintura y Reproceso Repuestos,PINTURA: Manija de puerta posterior RH con quiñe,REPUESTO: Falta letra v 7,VARI BIRRAK,,Isla 4,2026-03-13T07:05:21.575Z,,,,,,
,LSCAB33EXTE521263,NEW T3 1.5 MEC DOBLE CABINA,BLANCO,AUTOS DEL SUR S.A.C.,VENTA AUTOS DEL SUR,SUM,LISTOS - REVISADO,14/3/2026,ZONA AASA,NO,COLA DE LAVADO SUM ,Listo,Completo,PINTURA: ,REPUESTO: ,VARI BIRRAK,,Isla 20 - FILA 18,2026-03-13T16:04:42.652Z,,,,1era Entrega,,
,LS4ASL2E9TE520490,"NEW V5 1,5 MEC PLUS",PLATA,INTERAMERICANA NORTE S.A.C.,VENTA INTER NORTE GLP,SUM,LISTOS - REVISADO,14/3/2026,ZONA AASA,NO,COLA DE LAVADO SUM ,Para validar,Completo,PINTURA: ,REPUESTO: Falta  mochila de herramientas,VARI BIRRAK,,Isla 14,2026-03-13T07:26:10.415Z,,,,1era Entrega,,
,LS4ASL2E9TE520487,"NEW V5 1,5 MEC PLUS",PLATA,INTERAMERICANA NORTE S.A.C.,VENTA INTER NORTE GLP,SUM,LISTOS - REVISADO,14/3/2026,ZONA AASA,NO,COLA DE LAVADO SUM ,Listo,Completo,PINTURA: ,REPUESTO: ,VARI BIRRAK,,Isla 14,2026-03-13T07:30:03.630Z,,,,,,
,LS4ASL2E6TE520544,NEW V3 1.5 MEC CONFORT,BLANCO,HS TALLERES S.R.L.,VENTA HS TALLERES,SUM,LISTOS - REVISADO,14/3/2026,ZONA AASA,NO,COLA DE LAVADO SUM ,Para validar,Completo,PINTURA: Quiñe en puerta post RH | Quiñe en aro del LH,REPUESTO: ,VARI BIRRAK,,Isla 14,2026-03-13T07:27:44.494Z,,,,1era Entrega,,
,LS4ASL2E2TE520539,NEW V3 1.5 MEC PLUS,AZUL OSCURO,INTERAMERICANA NORTE S.A.C.,VENTA INTER NORTE,SUM,LISTOS - REVISADO,14/3/2026,ZONA AASA,NO,COLA DE LAVADO SUM ,Para validar,Completo,"PINTURA: Raspado , Ray en prta maletera ( arriba )",REPUESTO: ,VARI BIRRAK,,"Mapeado, pero sin zona",2026-03-13T10:50:44.588Z,,,,,,
,LVTDB11B8TDB50163,X50 1.5L 4X2 5MT CONFORT,PLATA,AUTOS DEL SUR S.A.C.,VENTA AUTOS DEL SUR,SUM,LISTOS - REVISADO,14/3/2026,ZONA AASA,NO,COLA DE LAVADO SUM ,Listo,Completo,PINTURA: ,REPUESTO: ,VARI BIRRAK,,Isla 14,2026-03-13T07:31:44.950Z,,,,,,
,LVTDB11B7TDB49926,X50 1.5L 4X2 5MT CONFORT,NEGRO,CARPIO S.A.C.,VENTA CARPIO,SUM,LISTOS - REVISADO,14/3/2026,ZONA AASA,NO,COLA DE LAVADO SUM ,Reproceso,Falta: Reproceso Pintura,PINTURA: Estribo piloto con quiñes y grumo grande | Puerta piloto abollado | Embellecedor negro con mancha,REPUESTO: ,VARI BIRRAK,,Isla 5,2026-03-13T07:31:35.448Z,,,,,,
,LVTDB11B2TDB50367,X50 1.5L 4X2 5MT CONFORT,PLATA,AUTOS DEL SUR S.A.C.,VENTA AUTOS DEL SUR,SUM,LISTOS - REVISADO,14/3/2026,ZONA AASA,NO,COLA DE LAVADO SUM ,Listo,Completo,PINTURA: ,REPUESTO: ,VARI BIRRAK,,Isla 14,2026-03-13T07:27:23.042Z,,,,1era Entrega,,
,HJRPBGFA1TB036592,DASHING 1.5T 4X2 6MT CONFORT ACP B,NEGRO,CARPIO S.A.C.,VENTA CARPIO,SUM,LISTOS,14/3/2026,ZONA AASA,NO,COLA DE LAVADO SUM ,Reproceso,Falta: Reproceso Pintura,PINTURA: Abollado guardafango drh | Rayadura interior guardafango prh,REPUESTO: ,VARI BIRRAK,,Isla 4,2026-03-13T07:23:53.114Z,,,,,,
,LVTDB11B9TDB50138,X50 1.5L 4X2 5MT CONFORT,BLANCO,HS TALLERES S.R.L.,VENTA HS TALLERES,SUM,LISTOS - REVISADO,14/3/2026,ZONA AASA,NO,COLA DE LAVADO SUM ,Listo,Completo,PINTURA: ,REPUESTO: ,VARI BIRRAK,,Isla 14,2026-03-13T07:33:05.799Z,,,,,,
,LVTDB21B7TDB50418,X50 1.5T 4X2 6DCT LIMITED,NEGRO,HS TALLERES S.R.L.,VENTA HS TALLERES,SUM,LISTOS - REVISADO,14/3/2026,ZONA AASA,NO,COLA DE LAVADO SUM ,Listo,Completo,PINTURA: ,REPUESTO: ,VARI BIRRAK,,Isla 4,2026-03-13T07:14:02.638Z,,,,,,
,LS4ASL2E2TE533405,"NEW V5 1,5 MEC PLUS",PLATA,INTERAMERICANA NORTE S.A.C.,VENTA INTER NORTE GLP,SUM,LISTOS - REVISADO,14/3/2026,ZONA AASA,NO,COLA DE LAVADO SUM ,Listo,Completo,PINTURA: ,REPUESTO: ,VARI BIRRAK,,Isla 14,2026-03-13T07:30:25.582Z,,,,1era Entrega,,
,LVTDB21B3VDC01352,X50 1.5T 4X2 6DCT LIMITED,PLATA,AUTOS DEL SUR S.A.C.,"VENTA AUTOS DEL SUR 30.01|
",SUM,LISTOS - REVISADO,14/3/2026,ZONA AASA,NO,COLA DE LAVADO SUM ,Listo,Completo,PINTURA: ,REPUESTO: ,VARI BIRRAK,,Isla 14,2026-03-13T07:32:24.559Z,,,,,Rechazado,"Rayado notorio parachoque drh
En el chek list sake que si trae y en teoria no trae
Falta libro de garantía"
,LVTDB11B1VDC01196,X50 1.5L 4X2 5MT CONFORT,BLANCO,AUTOS DEL SUR S.A.C.,VENTA AUTOS DEL SUR,SUM,LISTOS - REVISADO,14/3/2026,ZONA AASA,NO,COLA DE LAVADO SUM ,Listo,Completo,PINTURA: ,REPUESTO: ,VARI BIRRAK,,-,-,,,,,,
,LVTDB21BXVDC01381,X50 1.5T 4X2 6DCT LIMITED,GRIS OSCURO,AUTOS DEL SUR S.A.C.,"VENTA AUTOS DEL SUR 05.02|
",SUM,LISTOS - REVISADO,14/3/2026,ZONA AASA,NO,COLA DE LAVADO SUM ,Listo,Completo,PINTURA: ,REPUESTO: ,VARI BIRRAK,,Isla 14,2026-03-13T07:16:19.105Z,,,,1era Entrega,,
,LVTDB11B4VDC01211,X50 1.5L 4X2 5MT CONFORT,BLANCO,IWAGEN S.A.C.,VENTA IWAGEN,SUM,LISTOS - REVISADO,14/3/2026,ZONA AASA,NO,PLATAFORMA 8 - 1 M,Listo,Completo,PINTURA: ,REPUESTO: ,VARI BIRRAK,,Isla 14,2026-03-13T07:23:59.967Z,,,,,,
,LVTDB11B4VDC01256,X50 1.5L 4X2 5MT CONFORT,PLATA,IWAGEN S.A.C.,VENTA IWAGEN,SUM,LISTOS - REVISADO,14/3/2026,ZONA AASA,NO,P8 C 2 A,Listo,Completo,PINTURA: ,REPUESTO: ,VARI BIRRAK,,Isla 14,2026-03-13T07:30:18.447Z,,,,,,
,LVTDB11B7VDC01249,X50 1.5L 4X2 5MT CONFORT,GRIS OSCURO,SUR MOTORS S.A.,VENTA SUR MOTORS,SUM,LISTOS - REVISADO,14/3/2026,ZONA AASA,NO,P8 C 6 C,Listo,Completo,PINTURA: ,REPUESTO: ,VARI BIRRAK,,Isla 14,2026-03-13T07:19:41.223Z,,,,1era Entrega,Rechazado,Rayadura mondura guardafango izquierdo
,LVTDB11B1VDC01179,X50 1.5L 4X2 5MT CONFORT,NEGRO,INTERAMERICANA TRUJILLO SOCIEDAD ANONIMA,VENTA INTER TRUJILLO,SUM,LISTOS,14/3/2026,ZONA AASA,NO,P8 C 7 E,Para validar,Completo,PINTURA: Fuerte delantera lh con abolladura | Guardafango delantera lh pequeña revisar revisar | Puerta delantera RH como abolladura,REPUESTO: ,VARI BIRRAK,,"Mapeado, pero sin zona",2026-03-13T09:10:10.906Z,,,,,,
,LVTDB21B7VDC01385,X50 1.5T 4X2 6DCT LIMITED,GRIS OSCURO,AUTOSHOP PERU S.A.C.,"VENTA AUTOSHOP 02.01|
",SUM,LISTOS,14/3/2026,ZONA AASA,NO,COLA DE LAVADO SUM ,Reproceso,Falta: Reproceso Pintura,"PINTURA: Puerta delantera LH con abolladura | Estribo delantera RH rayado | Puerta piloto abollado, FALTA TRABAJAR, en el Apsheep dice paños",REPUESTO: ,VARI BIRRAK,,Isla 5,2026-03-13T07:27:02.477Z,,,,,,
,LVTDB11B3VDC01197,X50 1.5L 4X2 5MT CONFORT,BLANCO,1222 PERU SAC,VENTA PLANETA,SUM,LISTOS - REVISADO,14/3/2026,ZONA AASA,NO,COLA DE LAVADO SUM ,Listo,Completo,PINTURA: ,REPUESTO: ,VARI BIRRAK,,Isla 14,2026-03-13T07:30:52.032Z,,,,1era Entrega,,
,LVTDB21B0VDC01308,X50 1.5T 4X2 6DCT LIMITED,NEGRO,INTERAMERICANA NORTE S.A.C.,"VENTA INTER NORTE 07.02|
",SUM,LISTOS - REVISADO,14/3/2026,ZONA AASA,NO,COLA DE LAVADO SUM ,Listo,Completo,PINTURA: ,REPUESTO: ,VARI BIRRAK,,Isla 5,2026-03-13T07:18:16.370Z,,,,,,
,LVTDB11B2VDC01210,X50 1.5L 4X2 5MT CONFORT,BLANCO,INTERAMERICANA NORTE S.A.C.,VENTA INTER NORTE,SUM,LISTOS - REVISADO,14/3/2026,ZONA AASA,NO,COLA DE LAVADO SUM ,Para validar,Completo,PINTURA: Quiñe en moldura de guardafngo post RH | Grumo en aro POST LH,REPUESTO: ,VARI BIRRAK,,Isla 14,2026-03-13T07:27:37.671Z,,,,1era Entrega,,
,LVTDB11B0VDC01299,X50 1.5L 4X2 5MT CONFORT,GRIS OSCURO,INTERAMERICANA NORTE S.A.C.,"VENTA INTER NORTE 10.02|
",SUM,LISTOS - REVISADO,14/3/2026,ZONA AASA,NO,COLA DE LAVADO SUM ,Listo,Completo,PINTURA: ,REPUESTO: ,VARI BIRRAK,,Isla 14,2026-03-13T07:34:51.772Z,,,,,,
,LVTDB21B4VDC01392,X50 1.5T 4X2 6DCT LIMITED,GRIS OSCURO,INTERAMERICANA NORTE S.A.C.,VENTA INTER NORTE,SUM,LISTOS - REVISADO,14/3/2026,ZONA AASA,NO,COLA DE LAVADO SUM ,Listo,Completo,PINTURA: ,REPUESTO: ,VARI BIRRAK,,Isla 14,2026-03-13T07:29:06.909Z,,,,,,
,LVTDB11B3VDC01300,X50 1.5L 4X2 5MT CONFORT,GRIS OSCURO,INTERAMERICANA NORTE S.A.C.,VENTA INTER NORTE,SUM,LISTOS - REVISADO,14/3/2026,ZONA AASA,NO,COLA DE LAVADO SUM ,Reproceso,Falta: Reproceso Pintura,PINTURA: Puerta delantera lh con abolladura,REPUESTO: ,VARI BIRRAK,,Isla 5,2026-03-13T18:53:54.692Z,,,,,,
,LVTDB11B1VDC01280,X50 1.5L 4X2 5MT CONFORT,GRIS OSCURO,INTERAMERICANA NORTE S.A.C.,VENTA INTER NORTE,SUM,LISTOS - REVISADO,14/3/2026,ZONA AASA,NO,COLA DE LAVADO SUM ,-,-,PINTURA: ,REPUESTO: ,VARI BIRRAK,,Zona revo,2026-03-13T07:42:02.178Z,,,,,,
,LVTDB11B0VDC01304,X50 1.5L 4X2 5MT CONFORT,GRIS OSCURO,INTERAMERICANA NORTE S.A.C.,VENTA INTER NORTE,SUM,LISTOS - REVISADO,14/3/2026,ZONA AASA,NO,COLA DE LAVADO SUM ,Reproceso,Falta: Reproceso Pintura,PINTURA: Manchas en embell mascara,REPUESTO: ,VARI BIRRAK,,Isla 14,2026-03-13T07:29:22.355Z,,,,1era Entrega,,
,LVTDB11B1VDC01246,X50 1.5L 4X2 5MT CONFORT,GRIS OSCURO,INTERAMERICANA NORTE S.A.C.,"VENTA INTER NORTE 10.02|
",SUM,LISTOS - REVISADO,14/3/2026,ZONA AASA,NO,COLA DE LAVADO SUM ,Listo,Completo,PINTURA: ,REPUESTO: ,VARI BIRRAK,,Isla 14,2026-03-13T07:30:44.014Z,,,,,,
,LVTDB11B2VDC01238,X50 1.5L 4X2 5MT CONFORT,PLATA,INTERAMERICANA NORTE S.A.C.,VENTA INTER NORTE,SUM,LISTOS - REVISADO,14/3/2026,ZONA AASA,NO,COLA DE LAVADO SUM ,Listo,Completo,PINTURA: ,REPUESTO: ,VARI BIRRAK,,Isla 14,2026-03-13T07:19:48.538Z,,,,1era Entrega,,
,LVTDB21B3VDC01366,X50 1.5T 4X2 6DCT LIMITED,PLATA,INTERAMERICANA NORTE S.A.C.,VENTA INTER NORTE,SUM,LISTOS - REVISADO,14/3/2026,ZONA AASA,NO,COLA DE LAVADO SUM ,Listo,Completo,PINTURA: ,REPUESTO: ,VARI BIRRAK,,Isla 14,2026-03-13T07:31:40.124Z,,,,,,
,LVTDB11B2VDC01207,X50 1.5L 4X2 5MT CONFORT,BLANCO,INTERAMERICANA NORTE S.A.C.,VENTA INTER NORTE,SUM,LISTOS,14/3/2026,ZONA AASA,NO,COLA DE LAVADO SUM ,Para validar,Completo,PINTURA: Puerta delantera lh con abolladura | Maleta con abolladura,REPUESTO: ,VARI BIRRAK,,Isla 14,2026-03-13T07:30:58.391Z,,,,,,
,LVTDB11B2VDC01255,X50 1.5L 4X2 5MT CONFORT,PLATA,INTERAMERICANA NORTE S.A.C.,VENTA INTER NORTE,SUM,LISTOS - REVISADO,14/3/2026,ZONA AASA,NO,COLA DE LAVADO SUM ,Listo,Completo,PINTURA: ,REPUESTO: ,VARI BIRRAK,,Isla 14,2026-03-13T07:32:13.850Z,,,,,,
,LSCABN3E6TE144572,NEW X5 1.5 MEC CABINA SIMPLE,BLANCO,SUR MOTORS S.A.,VENTA SUR MOTORS,SUM,LISTOS,14/3/2026,ZONA AASA,NO,P8 A 9 D,Para validar,Completo,"PINTURA: Base de fierro negro con raspado y oxido | Guardafango interior delantero LH con oxido | Bisagra de lateral de tolva LH con oxido | Bisagra de tolva LH con quiñe | Piso de tolva con quiñes, rayaduras y interior de laterales con oxido REVISAR",REPUESTO: Emblema delantero careado,VARI BIRRAK,,Isla 5,2026-03-13T07:33:34.769Z,,,,,,
,LSCABN3E6TE144569,NEW X5 1.5 MEC CABINA SIMPLE,BLANCO,SUR MOTORS S.A.,VENTA SUR MOTORS,SUM,LISTOS - REVISADO,14/3/2026,ZONA AASA,NO,P8 A 8 C,Reproceso,Falta: Reproceso Pintura,PINTURA: Quiñe en portaplaca | Bisagra de tolva LH. Raspado,REPUESTO: ,VARI BIRRAK,,Isla 20 - 19,2026-03-13T16:19:10.890Z,,,,1era Entrega,,
,LVTDD24BXTDB38222,T1 2.0T AWD 8AT B/GN,NEGRO,CARPIO S.A.C.,VENTA CARPIO,SUM,LISTOS - REVISADO,14/3/2026,ZONA AASA,NO,B5 9 C,Listo,Completo,PINTURA: ,REPUESTO: ,VARI BIRRAK,,Isla 14,2026-03-13T07:26:05.253Z,,,,1era Entrega,,
,LSCAB33E5TE828937,NEW X5 1.5 MEC DOBLE CABINA,BLANCO,SUR MOTORS S.A.,VENTA SUR MOTORS,SUM,LISTOS,14/3/2026,ZONA AASA,NO,P8 A 3 F,Reproceso,Falta: Reproceso Pintura,PINTURA: Aro posterior RH con quiña,REPUESTO: ,VARI BIRRAK,,Isla 5,2026-03-13T07:41:09.661Z,,,,1era Entrega,,
,LS4ASL2E1TE520547,NEW V3 1.5 MEC FULL,BLANCO,SUR MOTORS S.A.,VENTA SUR MOTORS,SUM,LISTOS - REVISADO,14/3/2026,ZONA AASA,NO,P8 C 11 B,Reproceso,Falta: Reproceso Pintura,PINTURA: Grumo grande y quiñe en marco interior de puerta post RH,REPUESTO: ,VARI BIRRAK,,Isla 14,2026-03-13T07:30:34.139Z,,,,1era Entrega,,
,LSCAB33E4TE828931,NEW X5 1.5 MEC DOBLE CABINA,BLANCO,SUR MOTORS S.A.,VENTA SUR MOTORS,SUM,LISTOS,14/3/2026,ZONA AASA,NO,P8 A 5 D,Para validar,Completo,PINTURA: Raspado en base de fierro negro de parachoq posterior | Rayaduras notorio en aro prh | Rydras y Quiñes en puerta de tolva posterior,REPUESTO: Falta desarmador,VARI BIRRAK,,Isla 5,2026-03-13T07:27:15.366Z,,,,,,
,LVTDB11B6VDC01209,X50 1.5L 4X2 5MT CONFORT,BLANCO,AUTOCAMIONES DEL CENTRO S.A.C,VENTA AUTOCAMIONES,SUM,LISTOS - REVISADO,14/3/2026,ZONA AASA,NO,P9 B 4 A,Listo,Completo,PINTURA: ,REPUESTO: ,VARI BIRRAK,,Isla 14,2026-03-13T07:30:12.232Z,,,,,,
,LVTDB11B5VDC01265,X50 1.5L 4X2 5MT CONFORT,PLATA,IWAGEN S.A.C.,VENTA IWAGEN,SUM,LISTOS - REVISADO,14/3/2026,ZONA AASA,NO,PLATAFORMA 8 - 1 J,Listo,Completo,PINTURA: ,REPUESTO: ,VARI BIRRAK,,Isla 14,2026-03-13T07:31:56.208Z,,,,,,
,LSCABN3E5TE144594,NEW X5 1.5 MEC CABINA SIMPLE,BLANCO,SUR MOTORS S.A.,VENTA SUR MOTORS,SUM,LISTOS,14/3/2026,ZONA AASA,NO,P8 A 8 B,Reproceso,Falta: Reproceso Pintura,PINTURA: Timn Raspado Obs Adicionales:  | Moldura de parachoque delantero raspado | Filos de rendija de ac raspado,REPUESTO: ,VARI BIRRAK,,Isla 5,2026-03-13T07:24:15.644Z,,,,,,
,LS4ASL2E3TE495148,NEW V7 1.6 MEC PLUS,BLANCO BEIGE,Altos Andes S.A.C.,EXHIBICION IWAGEN,SUM,LISTOS,14/3/2026,ZONA AASA,NO,B3 3 A,Reproceso,Falta: Reproceso Pintura,PINTURA: Estribo puerta delantera quiñado | Pantalla central rayada | Asientos post última fila despintado | Palanca de cambios Rayado Obs adicionales: Palanca de cambios rayada,REPUESTO: Mascara delantera careada | Letras (kyc) careada,VARI BIRRAK,,Isla 5,2026-03-13T07:28:00.796Z,,,,,,
,LS4ASL2E8TE520545,NEW V3 1.5 MEC FULL,BLANCO,IWAGEN S.A.C.,VENTA IWAGEN,SUM,LISTOS,14/3/2026,ZONA AASA,NO,P8 C 15 E,Para validar,Completo,PINTURA: ,REPUESTO: Cromo d mascara con abolladura y grumos notorio | Logo de puerta de maletero careado,VARI BIRRAK,,"Mapeado, pero sin zona",2026-03-13T07:07:24.484Z,,,,,,
,LVTDB21B7TDA05265,S06 1.6T 4X2 7DCT B,GRIS OSCURO,Altos Andes S.A.C.,EXHIBICION GACSA,SUM,LISTOS,14/3/2026,ZONA AASA,NO,SIN UBICACION BIRRAK ,Reproceso,Falta: Reproceso Pintura,"PINTURA: Estribo puerta delantera lh raspado,quiñado | Guardafango delantero raspado lado lh | Embellecedor de consola central rayada",REPUESTO: ,VARI BIRRAK,,Isla 3,2026-03-13T11:02:56.030Z,,,,,,
,LS4ASL2E0TE495236,NEW V5 1.5 MEC PLUS,BLANCO,INTERAMERICANA TRUJILLO SOCIEDAD ANONIMA,VENTA INTER TRUJILLO,SUM,LISTOS,14/3/2026,ZONA AASA,NO,B3 1 C,Para validar,Completo,PINTURA: Asientos de última fila descolorido | Pantalla de radio con rayaduras | Pantalla central con rayaduras | Asiento posterior con decolorado,REPUESTO: Cromo de Mascara delantera careada y abollada,VARI BIRRAK,,Acondicionado,2026-03-13T18:34:00.937Z,,,,1era Entrega,,
,LS4ASL2E8TE533408,NEW V5 1.5 MEC PLUS,PLATA,SUR MOTORS S.A.,VENTA SUR MOTORS,SUM,LISTOS - REVISADO,14/3/2026,ZONA AASA,NO,A3 2 D,Listo,Completo,PINTURA: ,REPUESTO: ,VARI BIRRAK,,Isla 14,2026-03-13T07:29:46.072Z,,,,,,
,LVTDB11B4VDC01239,X50 1.5L 4X2 5MT CONFORT,PLATA,EAFC MAQUISISTEMA S.A.,VENTA MAQUI,SUM,LISTOS,14/3/2026,ZONA AASA,NO,P8 C 3 A,Reproceso,Falta: Reproceso Pintura,PINTURA: Filo de puerta Del LH con quiñe,REPUESTO: ,VARI BIRRAK,,Isla 5,2026-03-13T18:54:26.222Z,,,,,,
,LVTDB11B7VDC01218,X50 1.5L 4X2 5MT CONFORT,BLANCO,INTERAMERICANA TRUJILLO SOCIEDAD ANONIMA,VENTA INTER TRUJILLO,SUM,LISTOS - REVISADO,14/3/2026,ZONA AASA,NO,P8 B 5 B,Listo,Completo,PINTURA: ,REPUESTO: ,VARI BIRRAK,,Isla 20 - 26,2026-03-13T09:33:24.587Z,,,,,,
,LVTDB11B4VDC01208,X50 1.5L 4X2 5MT CONFORT,BLANCO,EAFC MAQUISISTEMA S.A.,VENTA MAQUI,SUM,LISTOS,14/3/2026,ZONA AASA,NO,P8 A 3 A,Reproceso,Falta: Reproceso Pintura,PINTURA: Capot con abolladura,REPUESTO: ,VARI BIRRAK,,Isla 5,2026-03-13T07:29:47.433Z,,,,,,
,LVTDB11B8VDC01180,X50 1.5L 4X2 5MT CONFORT,NEGRO,PANDERO S.A. EAFC,VENTA PANDERO,SUM,LISTOS,14/3/2026,ZONA AASA,NO,P9 B 9 B,Reproceso,Falta: Reproceso Pintura,PINTURA: Puerta delantera lh con abolladura,REPUESTO: ,VARI BIRRAK,,Isla 20 - 18,2026-03-13T16:20:50.721Z,,,,1era Entrega,,
,LVTDB11B8VDC01194,X50 1.5L 4X2 5MT CONFORT,NEGRO,INTERAMERICANA TRUJILLO SOCIEDAD ANONIMA,VENTA INTER TRUJILLO,SUM,LISTOS,14/3/2026,ZONA AASA,NO,P8 C 5 D,Reproceso,Falta: Reproceso Pintura,PINTURA: Puerta delantera lh con abolladura | Puerta delantera RH con abolladura,REPUESTO: ,VARI BIRRAK,,Isla 5,2026-03-13T07:32:11.318Z,,,,,,
,LVTDB11B9VDC01219,X50 1.5L 4X2 5MT CONFORT,BLANCO,AION S.A.C.,VENTA AION,SUM,LISTOS - REVISADO,14/3/2026,ZONA AASA,NO,PLATAFORMA 8 - 1 P,Listo,Completo,PINTURA: ,REPUESTO: ,VARI BIRRAK,,Isla 20 - 23,2026-03-13T16:18:27.224Z,,,,2da Entrega,,
,LVTDB11B8VDC01230,X50 1.5L 4X2 5MT CONFORT,PLATA,AION S.A.C.,VENTA AION,SUM,LISTOS,14/3/2026,ZONA AASA,NO,P8 A 2 A,Reproceso,Falta: Reproceso Pintura,PINTURA: Puerta delantera RH con abolladura,REPUESTO: ,VARI BIRRAK,,Isla 5,2026-03-13T18:41:36.384Z,,,,,,
,LS4ASL2E7TE158496,NEW V7 1.6 MEC PLUS,BLANCO,HS TALLERES S.R.L.,ADELANTO PDI ZI - HS TALLERES,SUM,LISTOS - REVISADO,14/3/2026,ZONA AASA,NO,TARJA ,Reproceso,Falta: Reproceso Pintura,PINTURA: Qñ capot | Ray en prta Pilot y post lh | Qñ filo prta post lh | Oxido en  techo | Oxido en panel post lh,REPUESTO: ,VARI BIRRAK,,Isla 14,2026-03-13T07:32:56.965Z,,,,2da Entrega,Rechazado,"Fallo pintura capot lh
Carrocería con múltiples puntos de óxido
Múltiples arañones carrocería lh
Quiñe filo de puerta plh
Techo oxidado"
,LS4ASL2E6TE158490,NEW V7 1.6 MEC PLUS,BLANCO,HS TALLERES S.R.L.,ADELANTO PDI ZI - HS TALLERES,SUM,LISTOS - REVISADO,14/3/2026,ZONA AASA,NO,TARJA ,Para validar,Completo,"PINTURA: Qñ gf post rh | Qñ , mancha de óxido  parachoque posterior",REPUESTO: ,VARI BIRRAK,,Isla 20 - 18,2026-03-13T16:21:07.701Z,,,,2da Entrega,Rechazado,"Guarda fango prh grumos
Quiñe y abolladura puerta maletera
Óxido en poste posterior lh
Carrocería con múltiples manchas de óxido"
,LS4ASL2E0TE533158,NEW V3 1.5 MEC CONFORT,BLANCO,IWAGEN S.A.C.,VENTA IWAGEN,SUM,LISTOS - REVISADO,14/3/2026,ZONA AASA,NO,COLA DE LAVADO SUM ,Para validar,Completo,PINTURA: Ray capot | Qñ parte superior puerta maletera | Ray inter Pilot | Falla de pintura estribo Pilot | Qñ estribo post rh,REPUESTO: ,VARI BIRRAK,,Isla 14,2026-03-13T07:24:09.185Z,,,,2da Entrega,Rechazado,"Rayadura capot 
Quiñe parte superior parte inferior
Rayadura puerta piloto parte inferior
Fallo pintura estribo rh"
,LVTDB11B4VDC01290,X50 1.5L 4X2 5MT CONFORT,GRIS OSCURO,GACSA PERU S.A.C.,VENTA GACSA,SUM,LISTOS - REVISADO,14/3/2026,ZONA AASA,NO,P8 B 6 A,Reproceso,Falta: Reproceso Pintura,PINTURA: Ray embell mascara | Raspado embell gf post lh y rh,REPUESTO: ,VARI BIRRAK,,Isla 4,2026-03-13T09:15:14.157Z,,,,1era Entrega,Rechazado,"Arañado emb máscara delantera
Raspado pta maletera 
Rayaduras embellecedor  guardafangos plh y prh"
,LS4ASL2EXTE158461,NEW V7 1.6 MEC PLUS,PLATA,IWAGEN S.A.C.,ADELANTO PDI PUERTO,SUM,LISTOS,14/3/2026,ZONA AASA,NO,TARJA ,Reproceso,Falta: Reproceso Pintura,PINTURA: Puerta post LH con abolladura,REPUESTO: ,VARI BIRRAK,,Isla 5,2026-03-13T07:18:34.853Z,,,,,,
,LSCABN3E4TE144523,NEW T3 1.5 MEC CABINA SIMPLE,BLANCO,SUR MOTORS S.A.,VENTA SUR MOTORS,SUM,LISTOS,14/3/2026,ZONA AASA,NO,P8 A 8 E,Reproceso,Falta: Reproceso Pintura y Reproceso Repuestos,PINTURA: Techo externo con oxido LH y rh | Jebe de ventana interior de puerta delantera lh | Filo de puerta delantera lh quiñado | Estribo puerta delantera RH raspado | Piso de tolva con tolva filos raspado y descolorido con oxido | Filo de puerta delantera lh raspado | Cabina con oxido RH y LH | Bisagras y guardafango Lh y RH con oxido | Jebe de moldura de palanca de cambios raspado,REPUESTO: Faro delantero RH LH con rayadura interna,VARI BIRRAK,,Control de calidad,2026-03-13T07:12:50.807Z,,,,,,
,LS4ASL2E1TE158719,NEW V5 1.5 MEC PLUS,AZUL OSCURO,SUR MOTORS S.A.,VENTA SUR MOTORS,SUM,LISTOS,14/3/2026,ZONA AASA,NO,R4 2 G,Reproceso,Falta: Reproceso Pintura,PINTURA: Abolladuras en ambas puertas DEL y POST.  LH y RH | Pernos con oxido de llantas  Del. Post. RH y LH,REPUESTO: ,VARI BIRRAK,,Isla 5,2026-03-13T18:41:56.808Z,,,,,,
,LS4ASL2EXTE158802,NEW V5 1.5 MEC PLUS,BLANCO,SUR MOTORS S.A.,VENTA SUR MOTORS,SUM,LISTOS,14/3/2026,ZONA AASA,NO,Plataforma 9 11 T,Reproceso,Falta: Reproceso Pintura y Reproceso Repuestos,PINTURA: Puerta maletera al lado lh con abolladura | Filo de puerta piloto y posterior lh con qñs | Interior de copiloto moldura parte baja con raspado | Puerta  delantera interna RH ralladura | Interior de motor con óxido | Moldura de piso lado RH raspado | Filo de puerta posterior RH raspado | Filo de puerta delantera lh raspado | Pantalla central rayada,"REPUESTO: Máscara delantera cromos ,careo y grumos | Logo delantero con careo | Cromo de neblinero delantero lh con careo | Luego posterior lado RH letra b con careo y número 5 faltante | Logo posterior de maletera con desperfectos de fábrica | Aro posterior lh falta tapa de boca masa | Puerta central de guardafango con quiña | Faro posterior LH rayadura interna",VARI BIRRAK,,Pintura,2026-03-13T08:30:50.102Z,,,,1era Entrega,,
,LSCAB33E7TE144536,NEW X5 1.5 MEC DOBLE CABINA,BLANCO,SUR MOTORS S.A.,VENTA SUR MOTORS,SUM,LISTOS - REVISADO,14/3/2026,ZONA AASA,NO,COLA DE LAVADO SUM ,Reproceso,Falta: Reproceso Repuestos,PINTURA: Mancha con oxido en prta post rh | Inter de tolva con oxido,REPUESTO: Roto pegatina,VARI BIRRAK,,Isla 20 - 19,2026-03-13T16:19:52.012Z,,,,2da Entrega,Rechazado,"Pegatina reflectora rota compuerta rh y lh
Carrocería con múltiples óxidos
Mancha óxido puerta prh"
,LVTDB21B1TD909450,S07 1.5T 4X2 6DCT B,NEGRO,SUR MOTORS S.A.,VENTA SURMOTORS TR.,SUM,LISTOS - REVISADO,14/3/2026,ZONA AASA,NO,COLA LAVADO SUM - REINGRESO ,Reproceso,Falta: Reproceso Pintura,PINTURA: Rayaduras en puerta del post RH,REPUESTO: ,VARI BIRRAK,,Isla 5,2026-03-13T16:00:26.178Z,1era Entrega,Aceptado,Sin cobertor de equipaje.,,,
,LVTDB21B7TDA08277,S06 1.5T 4X2 6DCT O,PLATA,Altos Andes S.A.C.,EXHIBICION AUTOSHOP,SUM,LISTOS,14/3/2026,ZONA AASA,NO,B4 5 A,Reproceso,Falta: Reproceso Pintura y Reproceso Repuestos,PINTURA: Puerta delantera lh con abolladura | Aboll prta piloto,REPUESTO: Falta llanta original posterior RH,VARI BIRRAK,,Isla 5,2026-03-13T07:31:52.699Z,,,,,,
,LVTDB21BXTDA08273,S06 1.5T 4X2 6DCT W,BLANCO,SUR MOTORS S.A.,VENTA SUR MOTORS,SUM,LISTOS - REVISADO,14/3/2026,ZONA AASA,NO,B4 5 B,Listo,Completo,PINTURA: ,REPUESTO: ,VARI BIRRAK,,Isla 20 - 19,2026-03-13T16:19:32.141Z,,,,1era Entrega,,
,LS4ASL2E2TE495237,"NEW V5 1,5 MEC PLUS",BLANCO,INTERAMERICANA TRUJILLO SOCIEDAD ANONIMA,VENTA INTER TRUJILLO GLP,SUM,LISTOS,14/3/2026,ZONA AASA,NO,B3 2 D,Para validar,Completo,PINTURA: Interior d compartimiento d motor con oxido | Int de compartimiento de capot c oxido lado lh y rh | Asiento y cabecera d última fila descolorido | Rayaduras en pantalla de radio,REPUESTO: Falta capot | Emblema careado | Cromo de mascara careado | Caja de gata roto | Falta llanta de repuesto,VARI BIRRAK,,Isla 5,2026-03-13T15:55:37.262Z,,,,,,
,LS4ASL2E7TE495234,NEW V5 1.5 MEC PLUS,GRIS,INTERAMERICANA TRUJILLO SOCIEDAD ANONIMA,VENTA INTER TRUJILLO,SUM,LISTOS - REVISADO,14/3/2026,ZONA AASA,NO,#N/A,Reproceso,Falta: Reproceso Pintura,PINTURA: Abollado base de portaplaca delantero,REPUESTO: ,VARI BIRRAK,,Isla 5 - 8,2026-03-13T08:49:34.987Z,,,,,,
,LVTDB21B9TD912872,S09 1.6T 4X2 7DCT B,NEGRO,Altos Andes S.A.C.,EXHIBICION GACSA,SUM,LISTOS,14/3/2026,ZONA AASA,NO,P8 B 3 Q,Reproceso,Falta: Reproceso Pintura,PINTURA: Abollado y Quiñe puerta DRH | Rayado larguero LH,"REPUESTO: Abollado bisel de puerta DLH, PLH",VARI BIRRAK,,Isla 2,2026-03-13T14:48:00.467Z,,,,,,
,LSCABN3E1TE521258,NEW T3 1.5 MEC CABINA SIMPLE,BLANCO,AUTOSHOP PERU S.A.C.,VENTA AUTOSHOP,SUM,LISTOS,14/3/2026,ZONA AASA,NO,P8 A 6 A,Reproceso,Falta: Reproceso Pintura,PINTURA: Filo de puerta Del LH | Parte baja de puerta  maletera despintado,REPUESTO: ,VARI BIRRAK,,Isla 5,2026-03-13T07:26:16.273Z,,,,,,
,LSCAB33E2TE828930,"NEW X5 1,5 MEC DOBLE CABINA",BLANCO,SUR MOTORS S.A.,VENTA SUR MOTORS,SUM,LISTOS - REVISADO,14/3/2026,ZONA AASA,NO,P8 A 7 A,Reproceso,Falta: Reproceso Pintura,PINTURA: Quiñes en tolva,REPUESTO: ,VARI BIRRAK,,Pintura,2026-03-13T16:21:30.262Z,,,,1era Entrega,Rechazado,
,LVTDB11B5VDC01282,X50 1.5L 4X2 5MT CONFORT,GRIS OSCURO,EAFC MAQUISISTEMA S.A.,VENTA MAQUI,SUM,LISTOS,14/3/2026,ZONA AASA,NO,P9 B 7 B,Reproceso,Falta: Reproceso Pintura,PINTURA: Moldura de parabrisas LH rayado | Puerta del RH con abolladuras | Moldura de guardafango RH con rayadura,REPUESTO: ,VARI BIRRAK,,Isla 5,2026-03-13T07:40:40.984Z,,,,,,
,LVTDB11B7VDC01199,X50 1.5L 4X2 5MT CONFORT,BLANCO,INTERAMERICANA TRUJILLO SOCIEDAD ANONIMA,VENTA INTER TRUJILLO,SUM,LISTOS,14/3/2026,ZONA AASA,NO,PLATAFORMA 8 - 1 K,Reproceso,Falta: Reproceso Pintura y Reproceso Repuestos,"PINTURA: Raspado en espejo retrovisor RH | Puerta post LH con aboll | Quiñe en filo de puerta piloto, parte baja | Quiñe en embellecedor plata de parachoque post LH","REPUESTO: No funciona botones táctiles, REVISAR | Probar si funciona el aire acondicionado",VARI BIRRAK,,Isla 4,2026-03-13T16:23:07.351Z,,,,,,
,LVTDB11B5VDC01279,X50 1.5L 4X2 5MT CONFORT,GRIS OSCURO,EAFC MAQUISISTEMA S.A.,VENTA MAQUI,SUM,LISTOS,14/3/2026,ZONA AASA,NO,,Reproceso,Falta: Reproceso Pintura,PINTURA: Puerta posterior lh con abolladura | Puerta delantera RH con abolladura,REPUESTO: ,VARI BIRRAK,,Isla 4,2026-03-13T07:07:03.577Z,,,,,,
,LVTDB11B3VDC01216,X50 1.5L 4X2 5MT CONFORT,BLANCO,EAFC MAQUISISTEMA S.A.,VENTA MAQUI,SUM,LISTOS,14/3/2026,ZONA AASA,NO,,Reproceso,Falta: Reproceso Pintura,"PINTURA: Rayadura en interior de puerta piloto, parte baja | Abolladura en puerta piloto | Quiñe en filo de puerta del post LH | Rayadura en embellecedor negro de luneta post LH Y RH | Raspado en marco de interior de puerta copiloto",REPUESTO: ,VARI BIRRAK,,Isla 5,2026-03-13T07:40:26.066Z,,,,,,
,LVTDB11B6VDC01212,X50 1.5L 4X2 5MT CONFORT,BLANCO,INTERAMERICANA TRUJILLO SOCIEDAD ANONIMA,"VENTA INTER TRUJILLO
",SUM,LISTOS,14/3/2026,ZONA AASA,NO,,Reproceso,Falta: Reproceso Pintura,PINTURA: Moldura de guardafango posterior RH con ralladura,REPUESTO: ,VARI BIRRAK,,Isla 5,2026-03-13T18:48:44.830Z,,,,,,
,LVTDB11BXVDC01178,X50 1.5L 4X2 5MT CONFORT,NEGRO,AION S.A.C.,VENTA AION,SUM,LISTOS,14/3/2026,ZONA AASA,NO,,Reproceso,Falta: Reproceso Pintura,PINTURA: Larguero RH con abolladura | Puerta delantera RH con abolladura | Puerta del LH abolladura | Puerta POS LH abollado,REPUESTO: ,VARI BIRRAK,,Isla 5,2026-03-13T07:25:49.405Z,,,,,,
,LVTDB11BXVDC01181,X50 1.5L 4X2 5MT CONFORT,NEGRO,INTERAMERICANA TRUJILLO SOCIEDAD ANONIMA,VENTA INTER TRUJILLO,SUM,LISTOS,14/3/2026,ZONA AASA,NO,,Reproceso,Falta: Reproceso Pintura,PINTURA: Puerta del RH con abolladuras,REPUESTO: ,VARI BIRRAK,,Isla 5,2026-03-13T18:49:02.598Z,,,,,,
,LVTDB11B9VDC01222,X50 1.5L 4X2 5MT CONFORT,BLANCO,AION S.A.C.,VENTA AION,SUM,LISTOS,14/3/2026,ZONA AASA,NO,,Reproceso,Falta: Reproceso Pintura,PINTURA: Puerta delantera RH con abolladura,REPUESTO: ,VARI BIRRAK,,Isla 4,2026-03-13T07:05:54.779Z,,,,,,
,LVTDB11B7VDC01221,X50 1.5L 4X2 5MT CONFORT,BLANCO,INTERAMERICANA TRUJILLO SOCIEDAD ANONIMA,VENTA INTER TRUJILLO,SUM,LISTOS,14/3/2026,ZONA AASA,NO,,Reproceso,Falta: Reproceso Pintura,PINTURA: Puerta delantera lh con abolladura,REPUESTO: ,VARI BIRRAK,,"Mapeado, pero sin zona",2026-03-13T07:18:06.450Z,,,,,,
,LVTDB11B9VDC01169,X50 1.5L 4X2 5MT CONFORT,NEGRO,INTERAMERICANA TRUJILLO SOCIEDAD ANONIMA,VENTA INTER TRUJILLO,SUM,LISTOS,14/3/2026,ZONA AASA,NO,,Reproceso,Falta: Reproceso Pintura,PINTURA: Puerta Del LH (ext/Int) Abolladura en puerta externa Moldura interna rayada Obs Adicionales:  | Moldura interna de puerta delantera lh raspado | Estribo puerta delantera RH quiñado | Tratamiento para pintura,REPUESTO: ,VARI BIRRAK,,Isla 4,2026-03-13T07:06:00.586Z,,,,,,
,LVTDB11B6VDC01274,X50 1.5L 4X2 5MT CONFORT,PLATA,INTERAMERICANA TRUJILLO SOCIEDAD ANONIMA,VENTA INTER TRUJILLO,SUM,LISTOS,14/3/2026,ZONA AASA,NO,,Reproceso,Falta: Reproceso Pintura,PINTURA: Puerta maletera con desperfecto | Puerta del RH con abolladura,REPUESTO: ,VARI BIRRAK,,Isla 5,2026-03-13T07:18:22.048Z,,,,,,
,LVTDB11B9VDC01172,X50 1.5L 4X2 5MT CONFORT,NEGRO,INTERAMERICANA TRUJILLO SOCIEDAD ANONIMA,VENTA INTER TRUJILLO,SUM,LISTOS,14/3/2026,ZONA AASA,NO,,Reproceso,Falta: Reproceso Pintura,PINTURA: Guardafango delantero LH ABOLLADO | Grumo grande en estribo piloto | Puerta copiloto con abolladura | Tratamiento de pintura,REPUESTO: ,VARI BIRRAK,,Isla 5,2026-03-13T07:18:27.353Z,,,,,,
,LVTDB11B8VDC01258,X50 1.5L 4X2 5MT CONFORT,PLATA,AION S.A.C.,VENTA AION,SUM,LISTOS,14/3/2026,ZONA AASA,NO,,Reproceso,Falta: Reproceso Pintura,PINTURA: Puerta delantera RH con abolladura,REPUESTO: ,VARI BIRRAK,,Isla 5,2026-03-13T18:38:12.338Z,,,,,,
,LS4ASL2E3TE158298,NEW V7 1.6 MEC PLUS,BLANCO BEIGE,IWAGEN S.A.C.,ADELANTO PDI ZI - VENTA IWAGEN,SUM,LISTOS,14/3/2026,ZONA AASA,NO,SUM ISLA 22 19 D,Reproceso,Falta: Reproceso Pintura y Reproceso Repuestos,"PINTURA: Estribo puerta posterior LH con quiñe | Techo externo (visagras con oxido )LH y Rh | Filo de puerta posterior LH | Asientos posterior despintado | Pantalla central rayada | Perno con oxido, en interior de puerta piloto | Interior de Filo de puerta piloto con oxido, parte baja | Grumo en estribo post LH | Grumo en capot RH, parte baja | Asiento posterior despintado tercera fila",REPUESTO: Falta maletín de herramientas | Mascara delantera con grumo | Embellecedor de tablero RH con desperfecto | Falta maletín de herramientas | Falta tapa de bocamaza de aro post LH,VARI BIRRAK,,Isla 4 - 1,2026-03-13T07:57:15.432Z,,,,,,
,LSCABN3E7TE144256,NEW X5 1.5 MEC CABINA SIMPLE,BLANCO,INTERAMERICANA NORTE S.A.C.,VENTA INTER NORTE,SUM,LISTOS - REVISADO,14/3/2026,ZONA AASA,NO,COLA DE LAVADO SUM ,Para validar,Completo,PINTURA: Unidad con oxido en tolva ( esquinas ) lh y rh | Oxido en Inter de tolva,REPUESTO: ,VARI BIRRAK,,-,-,,,,1era Entrega,,
,LS4ASL2E0TE158503,NEW V7 1.6 MEC PLUS,AZUL OSCURO,SUR MOTORS S.A.,ADELANTO PDI PUERTO,SUM,LISTOS - REVISADO,14/3/2026,ZONA AASA,NO,TARJA ,-,-,PINTURA: ,REPUESTO: ,VARI BIRRAK,,Isla 22,2026-03-13T07:17:12.129Z,,,,,,
,LVTDB21B9TDA05266,S06 1.6T 4X2 7DCT B,GRIS OSCURO,SUR MOTORS S.A.,VENTA SUR MOTORS,SUM,LISTOS,14/3/2026,ZONA AASA,NO,P8 B 3 C,Reproceso,Falta: Reproceso Pintura,PINTURA: Interior de guardafango PRH con Grumos y abollado | Quiñe filo de puerta DLH,REPUESTO: ,VARI BIRRAK,,Isla 3,2026-03-13T18:43:44.867Z,,,,,,
,LVTDD24BXTDB38995,TRAVELLER T2 2.0T AWD 7DCT LIMITED B/R,NEGRO,INTERAMERICANA NORTE S.A.C.,ADELANTO PDI -VENTA INTER NORTE,SUM,LISTOS - REVISADO,14/3/2026,ZONA AASA,NO,COLA DE LAVADO SUM ,Listo,Completo,PINTURA: ,REPUESTO: ,VARI BIRRAK,,-,-,,,,,,
,HJRPBGFA2TB035595,DASHING 1.5T 4X2 6MT CONFORT ACP B,GRIS NARDO,INTERAMERICANA NORTE S.A.C.,VENTA INTER NORTE,SUM,LISTOS - REVISADO,14/3/2026,ZONA AASA,NO,COLA DE LAVADO SUM ,Listo,Completo,PINTURA: ,REPUESTO: ,VARI BIRRAK,,Isla 20,2026-03-13T07:19:48.270Z,,,,,,
,LVTDB11B3TDB49986,X50 1.5L 4X2 5MT CONFORT,BLANCO,INTERAMERICANA NORTE S.A.C.,VENTA INTER NORTE,SUM,LISTOS - REVISADO,14/3/2026,ZONA AASA,NO,COLA DE LAVADO SUM ,Listo,Completo,PINTURA: ,REPUESTO: ,VARI BIRRAK,,Despacho  - FILA 23,2026-03-13T07:39:15.980Z,,,,,,
,LVTDB11B5TDB49925,X50 1.5L 4X2 5MT CONFORT,NEGRO,INTERAMERICANA NORTE S.A.C.,VENTA INTER NORTE,SUM,LISTOS - REVISADO,14/3/2026,ZONA AASA,NO,COLA DE LAVADO SUM ,Listo,Completo,PINTURA: ,REPUESTO: ,VARI BIRRAK,,Despacho  - ESTACIONAMIENTO VESTUARIO,2026-03-13T07:41:52.443Z,,,,,,
,LVTDB11B2TDB50157,X50 1.5L 4X2 5MT CONFORT,PLATA,INTERAMERICANA NORTE S.A.C.,VENTA INTER NORTE,SUM,LISTOS - REVISADO,14/3/2026,ZONA AASA,NO,COLA DE LAVADO SUM ,Listo,Completo,PINTURA: ,REPUESTO: ,VARI BIRRAK,,Isla 22,2026-03-13T09:36:10.816Z,,,,,,
,LVTDB11B4TDB49933,X50 1.5L 4X2 5MT CONFORT,NEGRO,INTERAMERICANA NORTE S.A.C.,VENTA INTER NORTE,SUM,LISTOS - REVISADO,14/3/2026,ZONA AASA,NO,COLA DE LAVADO SUM ,Listo,Completo,PINTURA: ,REPUESTO: ,VARI BIRRAK,,Despacho ,2026-03-13T07:31:58.962Z,,,,,,
,LVTDB11B4VDC01225,X50 1.5L 4X2 5MT CONFORT,PLATA,EAFC MAQUISISTEMA S.A.,VENTA MAQUI,SUM,LISTOS,14/3/2026,ZONA AASA,NO,P8 A 2 C,Reproceso,Falta: Reproceso Pintura,PINTURA: Quiñe filo Capot | Quiñe filo puerta PRH | Quiñe filo puerta DLH | Rayado mando a distancia,REPUESTO: ,VARI BIRRAK,,Acondicionado,2026-03-13T10:49:22.799Z,,,,,,
,LVTDB11B2VDC01174,X50 1.5L 4X2 5MT CONFORT,NEGRO,EAFC MAQUISISTEMA S.A.,VENTA MAQUI,SUM,LISTOS,14/3/2026,ZONA AASA,NO,P8 A 1 B,Reproceso,Falta: Reproceso Pintura y Reproceso Repuestos,PINTURA: larguero por la puerta delantera RH raspado | Abolladura en aro delantero rh | Abolladura en puerta posterior RH | Abolladura en puerta posterior lh | Trata de pintura carrocería | Abolladuras en puerta delantero RH,"REPUESTO: Moldura de maletero,por el portaplaca suelto RH y LH",VARI BIRRAK,,Acondicionado,2026-03-13T08:45:58.831Z,,,,,,
,LVTDB11B8VDC01213,X50 1.5L 4X2 5MT CONFORT,BLANCO,INTERAMERICANA TRUJILLO SOCIEDAD ANONIMA,VENTA INTER TRUJILLO,SUM,LISTOS,14/3/2026,ZONA AASA,NO,P8 C 9 A,Reproceso,Falta: Reproceso Pintura,PINTURA: Puerta delantera lh con abolladura | Puerta delantera RH con abolladura,REPUESTO: ,VARI BIRRAK,,Isla 5,2026-03-13T18:54:12.111Z,,,,,,
,LVTDB11BXVDC01195,X50 1.5L 4X2 5MT CONFORT,BLANCO,AION S.A.C.,ADELANTO DE PDI,SUM,LISTOS,14/3/2026,ZONA AASA,NO,P8 B 5 A,Reproceso,Falta: Reproceso Pintura,PINTURA: Abollado puerta plh | Abollado puerta prh,REPUESTO: ,VARI BIRRAK,,Isla 3,2026-03-13T14:00:09.328Z,,,,,,
,LVTDB11B8VDC01261,X50 1.5L 4X2 5MT CONFORT,PLATA,AION S.A.C.,VENTA AION,SUM,LISTOS - REVISADO,14/3/2026,ZONA AASA,NO,P9 B 3 A,Listo,Completo,PINTURA: ,REPUESTO: ,VARI BIRRAK,,Isla 14 - 3,2026-03-13T08:11:40.737Z,,,,1era Entrega,Rechazado,"Máscara de estribu 
Máscara para choque rayado
Cielorazo sucio parte derecha
Rayadura en toda la carrocería"
,LVTDB11B7VDC01252,X50 1.5L 4X2 5MT CONFORT,PLATA,INTERAMERICANA TRUJILLO SOCIEDAD ANONIMA,VENTA INTER TRUJILLO,SUM,LISTOS,14/3/2026,ZONA AASA,NO,P8 C 16 B,Reproceso,Falta: Reproceso Pintura,PINTURA: Puerta DEL RH con abolladura,REPUESTO: ,VARI BIRRAK,,Isla 5 - 9,2026-03-13T09:22:24.834Z,,,,,,
,LVTDB11B7VDC01204,X50 1.5L 4X2 5MT CONFORT,BLANCO,INTERAMERICANA TRUJILLO SOCIEDAD ANONIMA,VENTA INTER TRUJILLO,SUM,LISTOS - REVISADO,14/3/2026,ZONA AASA,NO,P8 A 2 B,Listo,Completo,PINTURA: ,REPUESTO: ,VARI BIRRAK,,Zona validación - FILA 10,2026-03-13T07:18:42.375Z,,,,,,
,LVTDB11B7VDC01235,X50 1.5L 4X2 5MT CONFORT,PLATA,INTERAMERICANA TRUJILLO SOCIEDAD ANONIMA,VENTA INTER TRUJILLO,SUM,LISTOS - REVISADO,14/3/2026,ZONA AASA,NO,P8 A 1 F,Para validar,Completo,PINTURA: Grumos en puerta piloto,REPUESTO: ,VARI BIRRAK,,Pintura,2026-03-13T11:42:05.152Z,,,,1era Entrega,Rechazado,Grumo puerta piloto notorio
,9BWCH6CH7TP002503,NIVUS COMFORTLINE 170 TSI MEC,NEGRO NINJA,PERUANA DE MOTORES H.G. S.A.C. - PERUMOTOR H.G. S.A.C.,PERUANA DE MOTORES H.G. S.A.C. - PERUMOTOR H.G. S.A.C. | Fecha de entrega: Feb 25 2026 9:05AM,SUM,LISTOS - REVISADO,14/3/2026,ZONA EMSA,NO,C4 1 A,Listo,Completo,PINTURA: ,REPUESTO: ,VARI BIRRAK,,Isla 14,2026-03-13T07:28:53.129Z,,,,1era Entrega,,
,WVGZZZCA8SC543440,"TERAMONT PREMIUM 370TSI, 2.0L, 4MOTION",ROJO AURORA,IWAGEN S.A.C.,IWAGEN S.A.C. | Fecha de entrega: Feb 20 2026 8:35AM,SUM,LISTOS,14/3/2026,ZONA EMSA,NO,COLA DE LAVADO SUM ,Reproceso,Falta: Reproceso Pintura,PINTURA: Asiento post LH rasgado  con  hueco,REPUESTO: ,VARI BIRRAK,,Isla 5,2026-03-13T07:23:56.937Z,,,,,,
,9BWBH6DF2TT334090,TERA COMFORT 165 TSI 1.0L TIP,NEGRO NINJA,EURO MOTORS S.A.,adelanto pdi - VENTA MANNUCCI,SUM,LISTOS - REVISADO,14/3/2026,ZONA EMSA,NO,COLA DE LAVADO SUM ,Listo,Completo,PINTURA: ,REPUESTO: ,VARI BIRRAK,,Isla 14,2026-03-13T07:27:31.031Z,,,,1era Entrega,,
,9BWJL45U1TP040524,SAVEIRO EXTREME CD 1.6 MEC,GRIS PIEDRA,EURO MOTORS S.A.,EXH SURMOTORS AREQUIPA,SUM,LISTOS - REVISADO,14/3/2026,ZONA EMSA,NO,COLA DE LAVADO SUM ,Listo,Completo,PINTURA: ,REPUESTO: ,VARI BIRRAK,,Isla 14,2026-03-13T07:26:17.719Z,,,,1era Entrega,,
,3VVLP6RM7TM002493,"TIGUAN LIFE PLUS 250TSI, 1.4L, 2WD",NEGRO PERLADO,INTERAMERICANA NORTE S.A.C.,adelanto pdi - VENTA INTER NORTE,SUM,LISTOS - REVISADO,14/3/2026,ZONA EMSA,NO,COLA DE LAVADO SUM ,Reproceso,Falta: Reproceso Pintura y Reproceso Repuestos,PINTURA: Ray inter gf post lh | Rays embell tablero lh | Embellecedores rayados,REPUESTO: Logo de puerta maletero flojo | Cromoss rayados,VARI BIRRAK,,Isla 20,2026-03-13T15:20:48.043Z,,,,1era Entrega,Rechazado,"Logo puerta maletera flojo rh
Embellecedor ventanas manchado"
,3VVLP6RMXTM010474,"TIGUAN LIFE PLUS 250TSI, 1.4L, 2WD",GRIS ASCOT,SUR MOTORS S A,adelanto pdi - VENTA SURMOTORS,SUM,LISTOS - REVISADO,14/3/2026,ZONA EMSA,NO,COLA DE LAVADO SUM ,Listo,Completo,PINTURA: ,REPUESTO: ,VARI BIRRAK,,Isla 14,2026-03-13T07:31:12.192Z,,,,1era Entrega,,
,WVGZZZCAXTC503491,"TERAMONT PREMIUM 370TSI, 2.0L, 4MOTION TIP",AZUL MONTAÑA,EURO MOTORS S.A.,EXH INTERAMERICANA CHICLAYO,SUM,LISTOS - REVISADO,14/3/2026,ZONA EMSA,NO,C3 9 B,Listo,Completo,PINTURA: ,REPUESTO: ,VARI BIRRAK,,Isla 14,2026-03-13T07:29:52.401Z,,,,,,
,3VVLP6RM5TM021611,"TIGUAN LIFE 250TSI, 1.4L, 2WD",PLATA LUNA,EURO MOTORS S.A.,EXH INTERAMERICANA PIURA,SUM,LISTOS - REVISADO,14/3/2026,ZONA EMSA,NO,E4 11 B,Listo,Completo,PINTURA: ,REPUESTO: ,VARI BIRRAK,,Isla 14,2026-03-13T08:14:36.736Z,,,,1era Entrega,,
,3VVHP6B21TM024021,"TAOS COMFORTLINE 250 TSI, 1.4L, 2WD, TIP",PLATA LUNA,EURO MOTORS S.A.,adelanto pdi - EXH SURMOTORS AQP.,SUM,LISTOS - REVISADO,14/3/2026,ZONA EMSA,NO,COLA DE LAVADO SUM ,Listo,Completo,PINTURA: ,REPUESTO: ,VARI BIRRAK,,Isla 5,2026-03-13T08:49:38.232Z,,,,1era Entrega,Rechazado,"Falla pintura filo de ventana de puerta dlh
Falla pintura puerta maletera rh"
,8AWJW62H5TA005226,"AMAROK COMFORTLINE 580TDI, 258CV, 3.0L V6, 4MOTION TIP",GRIS INDIO,EURO MOTORS S.A.,adelanto pdi - EXHIBICIÓN IWAGEN,SUM,LISTOS,14/3/2026,ZONA EMSA,NO,COLA DE LAVADO SUM ,Para validar,Completo,PINTURA: Aro delantero LH rayado | Jebe de puerta post LH ROTO,REPUESTO: ,VARI BIRRAK,,Isla 4,2026-03-13T14:58:24.252Z,,,,,,
,3VVDP6RM0TM042368,"TIGUAN LIFE 250TSI, 1.4L, 2WD",AZUL WAIMEA,EURO MOTORS S.A.,adelanto pdi - EXHIBICIÓN IWAGEN,SUM,LISTOS - REVISADO,14/3/2026,ZONA EMSA,NO,COLA DE LAVADO SUM ,Reproceso,Falta: Reproceso Pintura,PINTURA: Embellecedor de maletera con rayaduras | Rays embell dlenat y post lh y rh,REPUESTO: Aro de rueda Pos RH con desperfecto,VARI BIRRAK,,Isla 4,2026-03-13T07:05:31.602Z,,,,,,
,9BWBH6BF3T4081424,T-CROSS COMFORTLINE 200 TSI TIP,NEGRO NINJA,INTERAMERICANA NORTE S.A.C.,INTERAMERICANA NORTE S.A.C. - INTERAMERICANA CHICLAYO | Fecha de entrega: Feb 20 2026 8:00AM,SUM,LISTOS - REVISADO,14/3/2026,ZONA EMSA,NO,COLA DE LAVADO SUM ,Reproceso,Falta: Reproceso Pintura,PINTURA: Estribos  de puerta posterior y delantero RH descolorido | Rayaduras en embellecedor de funda delantera | Rayaduras en carrocería | Moldura de posterior lh | Moldura rayada lado lh,REPUESTO: ,VARI BIRRAK,,Isla 4,2026-03-13T07:05:42.470Z,,,,1era Entrega,Rechazado,"Arañones funda delantera
Arañones guarda fango dlh
Arañones puerta piloto interior de manija
Rayaduras montura plh"
,9BWBH6BF4T4081576,T-CROSS TRENDLINE 170 TSI MEC,NEGRO NINJA,INTERAMERICANA NORTE S.A.C.,INTERAMERICANA NORTE S.A.C. - INTERAMERICANA PIURA | Fecha de entrega: Feb 20 2026 8:15AM,SUM,LISTOS - REVISADO,14/3/2026,ZONA EMSA,NO,COLA DE LAVADO SUM ,Reproceso,Falta: Reproceso Pintura,PINTURA: Tapiz parte baja de puerta piloto con desperfecto,REPUESTO: No funciona las plumillas del parabrisa delantera,VARI BIRRAK,,Isla 5,2026-03-13T09:16:04.826Z,,,,,,
,9BWBL6DF0TT383240,TERA TREND 160 MSI 1.6L MEC,NEGRO NINJA,AUTOSHOP PERU S.A.C.,AUTOSHOP PERU S.A.C. - AUTOSHOP CAJAMARCA | Fecha de entrega: Feb 18 2026 8:55AM,SUM,LISTOS - REVISADO,14/3/2026,ZONA EMSA,NO,#REF!,Listo,Completo,PINTURA: ,REPUESTO: ,VARI BIRRAK,,Isla 14,2026-03-13T07:24:37.162Z,2da Entrega,Aceptado,,1era Entrega,,
,9BWCH6CH6TP050140,NIVUS COMFORTLINE 200 TSI TIP,GRIS PLATINO,PERUANA DE MOTORES H.G. S.A.C. - PERUMOTOR H.G. S.A.C.,PERUANA DE MOTORES H.G. S.A.C.,SUM,LISTOS - REVISADO,14/3/2026,ZONA EMSA,NO,E3 11 A,Para validar,Completo,PINTURA: Rayaduras en guardafango posterior Rh,REPUESTO: ,VARI BIRRAK,,Isla 14,2026-03-13T07:16:55.273Z,,,,1era Entrega,Rechazado,"Montura prh raspada
Puerta de maletera falla de pintura
Grumo estribo drh"
,9BWJL45U8TP050421,SAVEIRO EXTREME CD 1.6 MEC,GRIS PIEDRA,EURO MOTORS S.A.,ADELANTO PDI - EXHIBICIÓN PERUMOTOR,SUM,LISTOS,14/3/2026,ZONA EMSA,NO,COLA DE LAVADO SUM ,Para validar,Completo,PINTURA: Quiñe en filo puerta dlh | Abollado larguero lh,REPUESTO: ,VARI BIRRAK,,Isla 5,2026-03-13T07:20:20.633Z,,,,,,
,9BWCH6CH3TP014521,NIVUS COMFORTLINE 200 TSI TIP,AZUL CORNFLOWER,SUR MOTORS S A,SUR MOTORS S A - SUR MOTORS AREQUIPA | Fecha de entrega: Mar 5 2026 8:20AM,SUM,LISTOS - REVISADO,14/3/2026,ZONA EMSA,NO,C4 10 F,Listo,Completo,PINTURA: ,REPUESTO: ,VARI BIRRAK,,Isla 5,2026-03-13T07:24:24.839Z,,,,2da Entrega,,
,9BWBH6BF9T4081380,T-CROSS TRENDLINE 170 TSI MEC,ROJO SUNSET,MANNUCCI DIESEL S.A.C.,ADELANTO PDI,SUM,LISTOS - REVISADO,14/3/2026,ZONA EMSA,NO,COLA DE LAVADO SUM ,Listo,Completo,PINTURA: ,REPUESTO: ,VARI BIRRAK,,Isla 14,2026-03-13T08:13:59.167Z,1era Entrega,Aceptado,,1era Entrega,,
,9BWAL5BZ5TT629816,POLO TRACK 1.6 MEC,GRIS PLATINO,EURO MOTORS S.A.,EXH SAN MIGUEL,SUM,ZONA,14/3/2026,ZONA EMSA,NO,COLA LAVADO SUM - REINGRESO ,-,-,PINTURA: ,REPUESTO: ,VARI BIRRAK,,Isla 4,2026-03-13T07:13:00.656Z,,,,,,
,9BWCH6CH3TP049754,NIVUS COMFORTLINE 200 TSI TIP,NEGRO NINJA,EURO MOTORS S.A.,PANDERO S.A. EAFC | Fecha de entrega: Mar 4 2026 8:00AM,SUM,LISTOS,14/3/2026,ZONA EMSA,NO,E3 10 A,Para validar,Completo,PINTURA: Pilo de puerta posterior lh con quiñe | Interior de puerta delantera lh con ralladura | Larguero del puerta delantera lh desperfecto | Parachoque delantera RH con quiña,REPUESTO: ,VARI BIRRAK,,Isla 14,2026-03-13T07:23:27.855Z,,,,1era Entrega,,
,9BWJL45U1TP040961,SAVEIRO EXTREME CD 1.6 MEC,PLATA SIRIUS,EURO MOTORS S.A.,ADELANTO PDI ZI - EXHIBICIÓN MANNUCCI,SUM,LISTOS - REVISADO,14/3/2026,ZONA EMSA,NO,D4 20 A,Para validar,Completo,PINTURA: Grumos en aros posteriores LH Y RH | Bisel de máscara con rayaduras,REPUESTO: ,VARI BIRRAK,,Isla 3,2026-03-13T11:31:49.273Z,1era Entrega,Rechazado,"Grumos aros de llanta post ( L/R)
Bisel de mascara con falla pintura y rayadura",,,
,9BWBH6DFXTT348027,TERA COMFORT 170 TSI 1.0L TIP,GRIS PLATINO,SUR MOTORS S A,SUR MOTORS S A - SUR MOTORS AREQUIPA | Fecha de entrega: Mar 9 2026 8:00AM,SUM,LISTOS - REVISADO,14/3/2026,ZONA EMSA,NO,D4 23 A,Listo,Completo,PINTURA: ,REPUESTO: ,VARI BIRRAK,,"Mapeado, pero sin zona",2026-03-13T11:02:49.188Z,,,,1era Entrega,,
,WAUZZZGA6TA004453,Q2 S line 35 TFSI,Negro Mythos,EURO MOTORS S.A.,Destino :DERBY,SUM,LISTOS - REVISADO,14/3/2026,ZONA EMSA,NO,COLA DE LAVADO SUM ,Listo,Completo,PINTURA: ,REPUESTO: ,VARI BIRRAK,,Zona revo,2026-03-13T10:17:13.258Z,,,,1era Entrega,,
,3VVLP6RM7TM010190,"TIGUAN LIFE PLUS 250TSI, 1.4L, 2WD",GRIS ASCOT,PERUANA DE MOTORES H.G. S.A.C. - PERUMOTOR H.G. S.A.C.,PERUANA DE MOTORES H.G. S.A.C. - PERUMOTOR H.G. S.A.C. | Fecha de entrega: Mar 3 2026 8:00AM,SUM,LISTOS,14/3/2026,ZONA EMSA,NO,E4 12 A,Reproceso,Falta: Reproceso Pintura,PINTURA: Guardafango delantera RH con abolladura,REPUESTO: ,VARI BIRRAK,,"Mapeado, pero sin zona",2026-03-13T16:00:03.340Z,,,,,,
,LVTDB11B7VDC01171,X50 1.5L 4X2 5MT CONFORT,NEGRO,REVOSHOP,VENTA REVO,SUM,LISTOS,14/3/2026,ZONA REVO,NO,P8 C 7 B,Reproceso,Falta: Reproceso Pintura,PINTURA: Puerta del RH con abolladura | Puerta POS Rh abollado | Puerta del LH abollado,REPUESTO: Faro POS LH con desperfecto,VARI BIRRAK,,Isla 3,2026-03-13T10:35:17.239Z,,,,,,
,LVTDB21B8TD909509,S09 1.6T 4X2 7DCT B/WE,NEGRO,REVOSHOP,VENTA REVO,SUM,LISTOS,14/3/2026,ZONA REVO,NO,P8 B 1 L,Reproceso,Falta: Reproceso Pintura,PINTURA: Rydra en guardafango int plh | Moldra d guardafango plh c rydra | Larguero lh abollado | Rydras en aro prh | Abollado notorio puerta prh,REPUESTO: Quiñes en aro prh,VARI BIRRAK,,Isla 5,2026-03-13T07:25:49.338Z,,,,,,
,LVTDB11B4VH500431,X70FL 1.5T 6MT 4X2 FULL,NEGRO,REVOSHOP,VENTA REVO 40583 23/01/2026|,SUM,LISTOS,14/3/2026,ZONA REVO,NO,#N/A,Reproceso,Falta: Reproceso Pintura,PINTURA: Desperfecto moldura y jebe de parabrisas delantera | Tratamiento de pintura | Rayadura en interior de guardafngo post LH | Quiñes en interior de guardafngo post RH,REPUESTO: ,VARI BIRRAK,,Isla 3,2026-03-13T10:42:53.222Z,,,,,,
,LVTDB11B5VH500437,X70FL 1.5T 6MT 4X2 FULL,NEGRO,REVOSHOP,VENTA REVO 40907 23/01/2026|,SUM,LISTOS,14/3/2026,ZONA REVO,NO,#N/A,Reproceso,Falta: Reproceso Pintura,PINTURA: Interior de guardafango posterior lh con quiñe | Moldura interior de puerta posterior lh con raspado | Moldura interna puerta delantera lh ralladura | Estribo interna lh con ralladura | Moldura interna de puerta delantera RH con ralladura | Tratamiento de pintura,REPUESTO: Barra  longitudinal hl descuadrado,VARI BIRRAK,,-,-,,,,,,
,LVTDB11B5VH500129,"X70FL 1,5T 6MT 4X2 FULL",NEGRO,REVOSHOP,VENTA REVO GLP 40640 23/01/2026|,SUM,LISTOS,14/3/2026,ZONA REVO,NO,#N/A,Reproceso,Falta: Reproceso Pintura y Reproceso Repuestos,"PINTURA: Interior de motor, tapa de fusibles con rayadura | Tratamiento de pintura por color | Estribo de puerta Del RH con quiñes",REPUESTO: Cromo de máscara delantera con RAYADURAS,VARI BIRRAK,,Isla 5,2026-03-13T18:44:34.926Z,,,,,,
,LVTDB11B6VH500270,"X70FL 1,5T 6MT 4X2 FULL",GRIS NARDO,REVOSHOP,VENTA REVO WH GLP 23/01/2026|,SUM,LISTOS,14/3/2026,ZONA REVO,NO,#N/A,Reproceso,Falta: Reproceso Pintura y Reproceso Repuestos,PINTURA: Vinil de puerta DLH corrugado | Vinil de puerta DRH corrugado | Vinil de puerta PRH corrugado,REPUESTO: Abollado cromo de máscara,VARI BIRRAK,,Isla 4,2026-03-13T15:29:46.363Z,,,,,,
,LVTDB21B6TDA96304,T1 1.5T 4X2 7DCT B/O,NEGRO,REVOSHOP,VENTA REVO MOTORS S.A. - RM MARSANO | Fecha de entrega: Mar  2 2026  8:55AM,SUM,LISTOS,14/3/2026,ZONA REVO,NO,ZONA DE REPUESTO ,Reproceso,Falta: Reproceso Pintura y Reproceso Repuestos,"PINTURA: Moldura interior de puerta posterior lh raspado | Estribo de puerta delantera lh raspado, quiñado | Filo de puerta delantera lh raspado | Abolladura en puerta delantera lh | Filos de catpo lh y RH raspados , abollado",REPUESTO: Falta palanca,VARI BIRRAK,,"Mapeado, pero sin zona",2026-03-13T07:13:54.594Z,,,,,,
,LVTDB11BXVDC01214,X50 1.5L 4X2 5MT CONFORT,BLANCO,REVOSHOP,VENTA REVO,SUM,LISTOS,14/3/2026,ZONA REVO,NO,,Para validar,Completo,PINTURA: Moldura de guardafango PLH y PRH con rayaduras | Rayado mando a distancia,REPUESTO: ,VARI BIRRAK,,Isla 5,2026-03-13T14:26:15.098Z,,,,,,
,LS4ASL2E7TE533156,NEW V3 1.5 MEC PANEL EPS 2AB AC,BLANCO,REVOSHOP,VENTA REVO,SUM,LISTOS,14/3/2026,ZONA REVO,NO,SIN UBICACION BIRRAK ,Reproceso,Falta: Reproceso Pintura,PINTURA: Raspado llave tubular | Rayadura estribo int dlh,REPUESTO: ,VARI BIRRAK,,Acondicionado,2026-03-13T11:02:29.411Z,,,,,,
,HJRPBGGB7VB031147,DASHING 1.6T 4X2 7DCT B ACP,GRIS OSCURO,REVOSHOP,VENTA REVO WH 02/03/2026|,SUM,LISTOS,14/3/2026,ZONA REVO,NO,#N/A,Reproceso,Falta: Reproceso Pintura y Reproceso Repuestos,PINTURA: Embellecedor de puerta Pos RH con quiñe,REPUESTO: Aro de llanta Pos LH con desperfecto | Aro de llanta delantera LH con grumo,VARI BIRRAK,,Acondicionado,2026-03-13T11:38:37.913Z,,,,,,
,HJRPBGGB7VB031150,DASHING 1.6T 4X2 7DCT B ACP,GRIS OSCURO,REVOSHOP,VENTA REVO WH 02/03/2026|,SUM,LISTOS,14/3/2026,ZONA REVO,NO,#N/A,Reproceso,Falta: Reproceso Pintura y Reproceso Repuestos,PINTURA: Poste central descolorido,REPUESTO: Quiñes en luna dlh,VARI BIRRAK,,Acondicionado,2026-03-13T10:48:40.108Z,,,,,,
,LVTDB11B6VH500284,"X70FL 1,5T 6MT 4X2 FULL",GRIS NARDO,REVOSHOP,VENTA REVO WH GLP 23/01/2026|,SUM,ZONA DE ESPERA CONTROL DE CALIDAD,14/3/2026,ZONA REVO,NO,#N/A,-,-,PINTURA: ,REPUESTO: ,VARI BIRRAK,,Acondicionado,2026-03-13T10:01:01.629Z,,,,,,
,LVTDB11B3VH500453,"X70FL 1,5T 6MT 4X2 FULL",GRIS NARDO,REVOSHOP,VENTA REVO WH GLP 23/01/2026|,SUM,ZONA DE ESPERA CONTROL DE CALIDAD,14/3/2026,ZONA REVO,NO,#N/A,-,-,PINTURA: ,REPUESTO: ,VARI BIRRAK,,Zona validación - FILA 05,2026-03-13T07:25:10.916Z,,,,,,
,HJRPBGGB6VB031155,DASHING 1.6T 4X2 7DCT B ACP,ROJO,REVOSHOP,VENTA REVO 42058 11/02/2026|,SUM,LISTOS,14/3/2026,ZONA REVO,NO,#N/A,Reproceso,Falta: Reproceso Pintura,PINTURA: Consola central con ralladura,REPUESTO: ,VARI BIRRAK,,-,-,,,,,,
,LVTDB11B4VDC01175,X50 1.5L 4X2 5MT CONFORT,NEGRO,REVOSHOP,VENTA REVO,SUM,LISTOS - REVISADO,14/3/2026,ZONA REVO,NO,P8 A 2 D,Reproceso,Falta: Reproceso Pintura,PINTURA: Embellecedores posteriores con arañaduras LH y RH | Grumo en estribo puerta DLH,REPUESTO: ,VARI BIRRAK,,Isla 5,2026-03-13T10:52:57.809Z,1era Entrega,Rechazado,"Carroceria con arañaduras ( pulir )
Grumo estribo del piloto 
Embellezedores post con arañaduras(L/R)
Volver a lavar unidad",,,
,LVTDB11B5VH500292,"X70FL 1,5T 6MT 4X2 FULL",GRIS NARDO,REVOSHOP,VENTA REVO WH GLP 23/01/2026|,SUM,LISTOS - REVISADO,14/3/2026,ZONA REVO,NO,#N/A,Reproceso,Falta: Reproceso Pintura,PINTURA: Grumo en cromo delantero RH | Filo de capot pelado y con grumos | Grumo en estribo posterior LH | Cromo de máscara con arañaduras,REPUESTO: ,VARI BIRRAK,,-,-,1era Entrega,Rechazado,"Filo capout pelado y grumo
Mascara delantero con grumo
Carroceria pulverizada
Grumo en estribo post ( L]
Cromo de mascara con arañaduras",,,
,LVTDB11B3VDC01183,X50 1.5L 4X2 5MT CONFORT,NEGRO,REVOSHOP,VENTA REVO,SUM,LISTOS - REVISADO,14/3/2026,ZONA REVO,NO,P8 C 8 C,Listo,Completo,PINTURA: ,REPUESTO: ,VARI BIRRAK,,Isla 3,2026-03-13T11:08:07.213Z,1era Entrega,Rechazado,"- Rayaduras en toda la carrocería 
- Cielo raso sucio.
- embellecedores con rayas( PRH y PLH)",,,
,LS4ASL2E8TE533148,"NEW V3 1,5 MEC PLUS",AZUL OSCURO,REVOSHOP,VENTA REVO GLP,SUM,LISTOS - REVISADO,14/3/2026,ZONA REVO,NO,SIN UBICACION BIRRAK ,Para validar,Completo,PINTURA: Pantalla de radio con rayaduras | Rayadura en capot | Rayaduras en estribo delantero Lh | Rayadura Guardafango posterior LH | Bisel de parachoque delantero con rayones visibles | Logo delantero arañado | Tablero PRH rasgado (encima de manija para abrir ventanas) | Rayas visibles en puerta PRH,REPUESTO: Falta emblema posterior lh,VARI BIRRAK,,Isla 3,2026-03-13T09:49:54.370Z,2da Entrega,Rechazado,"- Bisel de parachoque delantero con rayaduras visibles.
- Logo delantero arañado.
- Tablero de puerta PRH Rasgado.
- Rayaduras en puerta PRH.
- interior de puerta piloto con manchas visibles.
- Maletera y paracochoques pulverizado.",,,
,9BWCH6CH5TP019378,NIVUS COMFORTLINE 170 TSI MEC,ROJO SUNSET,EUROSHOP,ADELANTO PDI PUERTO,SUM,LISTOS - REVISADO,14/3/2026,ZONA ESSA,NO,C4 6 A,Listo,Completo,PINTURA: ,REPUESTO: ,VARI BIRRAK,,-,-,,,,,,
,9BWBH6DF3TT333627,TERA COMFORT 165 TSI 1.0L TIP,NEGRO NINJA,EUROSHOP,ADELANTO PDI RPTS.,SUM,LISTOS - REVISADO,14/3/2026,ZONA ESSA,NO,COLA DE LAVADO SUM ,Reproceso,Falta: Reproceso Pintura y Reproceso Repuestos,"PINTURA: Palanca de cambio raspado | Unidad con múltiples rayaduras profundas, REVISAR todo lo del plumon | Tratamiento de pintura",REPUESTO: Pantalla central no prende revisar,VARI BIRRAK,,Isla 3,2026-03-13T11:08:29.229Z,,,,,,
,3VVLP6RM7TM016183,"TIGUAN LIFE 250TSI, 1.4L, 2WD",NEGRO PERLADO,EUROSHOP,adelanto pdi,SUM,LISTOS - REVISADO,14/3/2026,ZONA ESSA,NO,COLA DE LAVADO SUM ,Listo,Completo,PINTURA: ,REPUESTO: ,VARI BIRRAK,,Isla 5,2026-03-13T08:11:20.651Z,,,,,,
,9BWBH6BF6T4050023,T-CROSS TRENDLINE 200 TSI TIP,BLANCO PURO,EUROSHOP,EUROSHOP S.A. - VW Surquillo | Fecha de entrega: Mar 10 2026  8:00AM,SUM,LISTOS,14/3/2026,ZONA ESSA,NO,C4 15 B,Reproceso,Falta: Reproceso Pintura,PINTURA: Moldura de guardafango PLH con rayaduras | Moldura de guardafango PRH con rayadura | Moldura base de timón con rayadura,REPUESTO: ,VARI BIRRAK,,Isla 5 - 8,2026-03-13T10:28:57.298Z,,,,,,
,9BWBH6DF9TT336306,TERA COMFORT 165 TSI 1.0L TIP,ROJO HYPERNOVA,EUROSHOP,EUROSHOP S.A. - VW Mall Plaza Norte,SUM,ZONA DE ESPERA CONTROL DE CALIDAD,14/3/2026,ZONA ESSA,NO,D4 30 B,-,-,PINTURA: ,REPUESTO: ,VARI BIRRAK,,-,-,,,,,,
,9BWCH6CH5TP007795,NIVUS COMFORTLINE 200 TSI TIP,AZUL CORNFLOWER,EUROSHOP,adelanto pdi,SUM,LISTOS - REVISADO,14/3/2026,ZONA ESSA,NO,,Listo,Completo,PINTURA: ,REPUESTO: ,VARI BIRRAK,,Isla 22,2026-03-13T07:30:20.350Z,,,,,,
,8AWJW62H8TA002658,"AMAROK HIGHLINE 580TDI, 258CV, 3.0L V6, 4MOTION TIP",VERDE SAGA,EUROSHOP,EUROSHOP S.A. - VW Surquillo |  Realizar PDI Express,SUM,LISTOS,14/3/2026,ZONA ESSA,NO,,Reproceso,Falta: Reproceso Pintura,PINTURA: Abollado guardafango dlh | Abollado puerta plh,REPUESTO: ,VARI BIRRAK,,Acondicionado,2026-03-13T09:59:09.061Z,,,,,,
,3VVDP6RM1TM041858,"TIGUAN LIFE 250TSI, 1.4L, 2WD",GRIS PLATINO,EUROSHOP,adelanto pdi,SUM,LISTOS - REVISADO,14/3/2026,ZONA ESSA,NO,,Listo,Completo,PINTURA: ,REPUESTO: ,VARI BIRRAK,,Isla 20,2026-03-13T07:29:16.314Z,,,,,,
,8AWJW62H3TA005130,"AMAROK HIGHLINE 580TDI, 258CV, 3.0L V6, 4MOTION TIP",VERDE SAGA,EUROSHOP,adelanto pdi,SUM,LISTOS - REVISADO,14/3/2026,ZONA ESSA,NO,,Reproceso,Falta: Reproceso Pintura,PINTURA: F.p tolva Lh | Espejos retrovisores rayados Lh y RH | F.p esquina de tolva Rh,REPUESTO: ,VARI BIRRAK,,Isla 3,2026-03-13T11:08:44.247Z,1era Entrega,Rechazado,"- Rayaduras en espejos retrovisores LH y RH visibles.
- Fallo de pintura en tolva parte LH.
- Fallo de pintura en esquina de tolva parte RH.",,,
,9BWJL45U0TP034469,SAVEIRO COMFORTLINE CD 1.6 MEC,PLATA SIRIUS,EUROSHOP,EUROSHOP S.A. - FLOTAS VW,SUM,LISTOS,14/3/2026,ZONA ESSA,NO,,Reproceso,Falta: Reproceso Pintura,PINTURA: Larguero superior RH con abolladura | f.p poste DLH | Bisel de jebe puerta DLH suelto | Grumo en interior de puerta DRH,REPUESTO: ,VARI BIRRAK,,Isla 3,2026-03-13T11:08:22.216Z,1era Entrega,Rechazado,"- Fallo de pintura en poste DLH.
- Bisel de Jebe de puerta DLH suelto.
- Grumo en interior de puerta DRH.",,,
,3VWCP6BU0SM055573,"JETTA TRENDLINE 250TSI, 1.4L",GRIS PLATINO,EUROSHOP,EUROSHOP S.A. - VW San Borja | Fecha de entrega: Mar  6 2026  8:00AM,SUM,LISTOS - REVISADO,14/3/2026,ZONA ESSA,NO,,Reproceso,Falta: Reproceso Pintura,PINTURA: Moldura interior puerta Del. LH Rayado | Pernos de porta placa post. Oxidado | Embellecedor de logo delantero con pegamento | Abolladura visible en puerta PRH | Jebe roto en borde de puerta PLH,REPUESTO: ,VARI BIRRAK,,Isla 3,2026-03-13T11:08:14.239Z,1era Entrega,Rechazado,"- Borde de Jebe de puerta PLH roto.
- Abolladura en puerta PRH visible.
- Embellecedor de Logo delantero con pegamento.",,,
,WAUZZZ4M8SD033318,Q7 Ambition 55 TFSI quattro Tiptronic,Gris Samurai,EUROSHOP,ENVIO SIN PDI -DERBY,SUM,ZONA DE ESPERA ACONDICIONADO,14/3/2026,ZONA ESSA,NO,,-,-,PINTURA: ,REPUESTO: ,VARI BIRRAK,,Isla 5,2026-03-13T07:41:16.231Z,1era Entrega,Rechazado,Unidad sin PDI con daños pasara a PDI express,,,
,,,,,,,,,,,,,,,,,,,,,,,,,
,,,,,,,,,,,,,,,,,,,,,,,,,
,,,,,,,,,,,,,,,,,,,,,,,,,
,,,,,,,,,,,,,,,,,,,,,,,,,
,,,,,,,,,,,,,,,,,,,,,,,,,
,,,,,,,,,,,#N/A,,,,,,,,,,,,,,
,,,,,,,,,,,,,,,,,,,,,,,,,
,,,,,,,,,,,#N/A,,,,,,,,,,,,,,
,,,,,,,,,,,#N/A,,,,,,,,,,,,,,
,,,,,,,,,,,#N/A,,,,,,,,,,,,,,
,,,,,,,,,,,#N/A,,,,,,,,,,,,,,
,,,,,,,,,,,#N/A,,,,,,,,,,,,,,
,,,,,,,,,,,#N/A,,,,,,,,,,,,,,
,,,,,,,,,,,#N/A,,,,,,,,,,,,,,